x,y,z,
7,0,0.04726,
10.68,0,0.047341,
14.18,0,0.047297,
17.68,0,0.046891,
21.7,0,0.046536,
25.2,0,0.04621,
28.7,0,0.046228,
32.2,0,0.0458,
35.53,0,0.045819,
39.37,0,0.046077,
43.05,0,0.046561,
46.55,0,0.046931,
50.22,0,0.047347,
53.72,0,0.047501,
57.22,0,0.048077,
60.9,0,0.048557,
64.4,0,0.048696,
67.9,0,0.048687,
71.4,0,0.048545,
74.9,0,0.048406,
78.57,0,0.047947,
81.9,0,0.04791,
85.57,0,0.047923,
89.25,0,0.047941,
92.75,0,0.048061,
95.9,0,0.047602,
99.92,0,0.047131,
103.42,0,0.046823,
106.92,0,0.046804,
110.6,0,0.046915,
114.27,0,0.046814,
117.95,0,0.046835,
121.45,0,0.046848,
124.95,0,0.046472,
128.45,0,0.046503,
132.12,0,0.046527,
135.62,0,0.046561,
139.12,0,0.046481,
142.8,0,0.046561,
146.3,0,0.046595,
149.8,0,0.046161,
153.48,0,0.046142,
156.98,0,0.045769,
160.65,0,0.045754,
164.15,0,0.045535,
167.65,0,0.045446,
171.33,0,0.045477,
174.83,0,0.045461,
178.33,0,0.04535,
182,0,0.045437,
185.68,0,0.045363,
189.35,0,0.045819,
192.85,0,0.045763,
196.35,0,0.04621,
200.03,0,0.046164,
203.53,0,0.046296,
207.03,0,0.045797,
210.7,0,0.045394,
214.2,0,0.044691,
217.7,0,0.043943,
221.2,0,0.043517,
224.88,0,0.043154,
228.38,0,0.042473,
231.7,0,0.042131,
235.38,0,0.04166,
238.88,0,0.041302,
242.38,0,0.04096,
246.23,0,0.04096,
249.73,0,0.040662,
253.23,0,0.040221,
256.73,0,0.039676,
260.58,0,0.039149,
264.25,0,0.038431,
267.75,0,0.03775,
271.25,0,0.036943,
275.1,0,0.035865,
278.78,0,0.034891,
282.28,0,0.03336,
285.78,0,0.031293,
289.63,0,0.029035,
293.13,0,0.025692,
296.63,0,0.02154,
300.13,0,0.016604,
303.63,0,0.010172,
307.3,0,0.002347,
310.8,0,-0.008017,
314.48,0,-0.020056,
317.98,0,-0.034221,
321.48,0,-0.050463,
324.98,0,-0.069788,
328.65,0,-0.090484,
332.15,0,-0.113334,
335.83,0,-0.135681,
339.33,0,-0.155059,
343,0,-0.170842,
346.5,0,-0.178972,
350,0,-0.177792,
353.5,0,-0.164437,
357.18,0,-0.139492,
360.68,0,-0.10078,
364.18,0,-0.053014,
367.68,0,0.00381,
371.35,0,0.064928,
374.68,0,0.129013,
378.53,0,0.189118,
382.03,0,0.24104,
385.53,0,0.283899,
389.2,0,0.314894,
392.7,0,0.333271,
396.38,0,0.339765,
399.88,0,0.336592,
403.38,0,0.325017,
407.05,0,0.307026,
410.2,0,0.284096,
414.23,0,0.259783,
417.73,0,0.235418,
421.23,0,0.211684,
424.9,0,0.188576,
428.4,0,0.167907,
431.9,0,0.149491,
435.58,0,0.133758,
439.08,0,0.120212,
442.58,0,0.108446,
446.08,0,0.09857,
449.58,0,0.09048,
453.25,0,0.083308,
456.75,0,0.078061,
460.25,0,0.073582,
463.93,0,0.070129,
467.43,0,0.067578,
470.93,0,0.064993,
474.43,0,0.062698,
477.93,0,0.06068,
481.43,0,0.058986,
485.1,0,0.057627,
488.78,0,0.056355,
492.45,0,0.055711,
495.95,0,0.055024,
499.45,0,0.054466,
502.95,0,0.054386,
506.45,0,0.053893,
510.13,0,0.053906,
513.63,0,0.053428,
517.13,0,0.052806,
520.8,0,0.052313,
524.3,0,0.051721,
527.8,0,0.05113,
531.3,0,0.050822,
534.8,0,0.050609,
538.3,0,0.0506,
541.8,0,0.050594,
545.48,0,0.050594,
548.98,0,0.050951,
552.65,0,0.051302,
556.15,0,0.051324,
559.83,0,0.051752,
563.33,0,0.051777,
566.83,0,0.051761,
570.5,0,0.052103,
574,0,0.052146,
577.5,0,0.052051,
581.18,0,0.052042,
584.67,0,0.052103,
588.17,0,0.052143,
591.85,0,0.051709,
595.35,0,0.051675,
598.85,0,0.051715,
602.35,0,0.05137,
606.02,0,0.051059,
609.52,0,0.050914,
613.02,0,0.050637,
616.7,0,0.050209,
620.72,0,0.049854,
624.22,0,0.049552,
627.72,0,0.049479,
631.22,0,0.049596,
635.07,0,0.050107,
638.75,0,0.050292,
642.25,0,0.050643,
645.75,0,0.050939,
649.42,0,0.051404,
652.92,0,0.05141,
656.42,0,0.050963,
660.1,0,0.050554,
663.77,0,0.050243,
667.27,0,0.049839,
670.77,0,0.049516,
674.27,0,0.049164,
677.77,0,0.048715,
681.27,0,0.048333,
684.95,0,0.048357,
688.45,0,0.048373,
691.95,0,0.048416,
695.62,0,0.048286,
698.95,0,0.048388,
702.62,0,0.048761,
706.12,0,0.048684,
709.8,0,0.048431,
12.42,33.07,0.047291,
16.1,33.07,0.047254,
19.6,33.07,0.046996,
23.27,33.07,0.046832,
26.77,33.07,0.046903,
30.27,33.07,0.046971,
33.95,33.07,0.046878,
37.45,33.07,0.046882,
40.95,33.07,0.046912,
44.45,33.07,0.046928,
47.95,33.07,0.047257,
51.62,33.07,0.047978,
55.12,33.07,0.04877,
58.62,33.07,0.049522,
62.12,33.07,0.050172,
65.8,33.07,0.050618,
69.3,33.07,0.051114,
72.97,33.07,0.051262,
76.47,33.07,0.051768,
80.15,33.07,0.051657,
83.65,33.07,0.051638,
87.15,33.07,0.051429,
90.65,33.07,0.051361,
94.32,33.07,0.051715,
97.82,33.07,0.05202,
101.32,33.07,0.052208,
105,33.07,0.052356,
108.5,33.07,0.052744,
112.17,33.07,0.052519,
115.67,33.07,0.05231,
119.35,33.07,0.052214,
123.02,33.07,0.051715,
126.52,33.07,0.051296,
130.2,33.07,0.051102,
133.7,33.07,0.05031,
137.37,33.07,0.049922,
140.87,33.07,0.04914,
144.37,33.07,0.048764,
148.4,33.07,0.048077,
151.9,33.07,0.047627,
155.57,33.07,0.047646,
159.07,33.07,0.047646,
162.75,33.07,0.04767,
166.25,33.07,0.048071,
169.92,33.07,0.048012,
173.42,33.07,0.048095,
177.1,33.07,0.048021,
180.6,33.07,0.047994,
184.1,33.07,0.048095,
187.6,33.07,0.048015,
191.1,33.07,0.047938,
194.78,33.07,0.047695,
198.45,33.07,0.047683,
201.95,33.07,0.047569,
205.63,33.07,0.047655,
209.3,33.07,0.047849,
212.98,33.07,0.048068,
216.48,33.07,0.048363,
219.98,33.07,0.048745,
223.48,33.07,0.048832,
227.15,33.07,0.048271,
230.83,33.07,0.048049,
234.33,33.07,0.047328,
238,33.07,0.046928,
241.5,33.07,0.046164,
245,33.07,0.045754,
248.68,33.07,0.045788,
252.18,33.07,0.045449,
255.68,33.07,0.045067,
259.18,33.07,0.044408,
262.85,33.07,0.043668,
266.35,33.07,0.043277,
269.68,33.07,0.042233,
273.35,33.07,0.041025,
277.03,33.07,0.039605,
280.35,33.07,0.037756,
284.03,33.07,0.03564,
287.53,33.07,0.032954,
291.03,33.07,0.029935,
294.7,33.07,0.026324,
298.2,33.07,0.021647,
301.53,33.07,0.016386,
305.38,33.07,0.009688,
308.88,33.07,0.001709,
312.38,33.07,-0.008266,
315.88,33.07,-0.020882,
319.55,33.07,-0.035145,
323.05,33.07,-0.051806,
326.55,33.07,-0.070404,
330.05,33.07,-0.09013,
333.55,33.07,-0.110912,
337.05,33.07,-0.130441,
340.73,33.07,-0.14676,
344.23,33.07,-0.157345,
347.2,33.07,-0.161002,
351.4,33.07,-0.154782,
354.9,33.07,-0.137958,
358.58,33.07,-0.109455,
362.25,33.07,-0.068044,
365.58,33.07,-0.020956,
369.25,33.07,0.034115,
372.75,33.07,0.091228,
376.25,33.07,0.146693,
379.75,33.07,0.19824,
383.25,33.07,0.241508,
386.93,33.07,0.275942,
390.43,33.07,0.299826,
393.75,33.07,0.312556,
397.43,33.07,0.315251,
400.93,33.07,0.309635,
404.6,33.07,0.297205,
408.1,33.07,0.279281,
411.6,33.07,0.258905,
415.1,33.07,0.237476,
418.78,33.07,0.215741,
422.28,33.07,0.194346,
425.78,33.07,0.17368,
429.28,33.07,0.156043,
432.78,33.07,0.140144,
436.28,33.07,0.125655,
439.78,33.07,0.113135,
443.63,33.07,0.103012,
446.95,33.07,0.09471,
450.63,33.07,0.08788,
454.13,33.07,0.082304,
457.8,33.07,0.077917,
461.3,33.07,0.073976,
464.8,33.07,0.070486,
468.3,33.07,0.068068,
471.98,33.07,0.06568,
475.48,33.07,0.06373,
479.15,33.07,0.061989,
482.65,33.07,0.06056,
486.15,33.07,0.059531,
489.65,33.07,0.05861,
493.33,33.07,0.057605,
496.83,33.07,0.057069,
500.33,33.07,0.05694,
503.83,33.07,0.056515,
507.33,33.07,0.056259,
511,33.07,0.055942,
514.5,33.07,0.055446,
518,33.07,0.055042,
521.5,33.07,0.054349,
525,33.07,0.053872,
528.68,33.07,0.053499,
532.18,33.07,0.052957,
535.85,33.07,0.05275,
539.35,33.07,0.052501,
542.85,33.07,0.052522,
546,33.07,0.052036,
550.03,33.07,0.051663,
553.53,33.07,0.051777,
557.03,33.07,0.051771,
560.53,33.07,0.0521,
564.03,33.07,0.052042,
567.53,33.07,0.052455,
571.2,33.07,0.052113,
574.7,33.07,0.052153,
578.2,33.07,0.051749,
581.7,33.07,0.051709,
585.38,33.07,0.05161,
588.88,33.07,0.051715,
592.55,33.07,0.051817,
596.23,33.07,0.051305,
599.73,33.07,0.051256,
603.22,33.07,0.051019,
606.9,33.07,0.050933,
610.4,33.07,0.050893,
613.9,33.07,0.05093,
617.4,33.07,0.051253,
621.07,33.07,0.051404,
624.57,33.07,0.051675,
628.25,33.07,0.052091,
631.75,33.07,0.052442,
635.25,33.07,0.052898,
638.75,33.07,0.052833,
642.42,33.07,0.052889,
645.92,33.07,0.052365,
649.6,33.07,0.05259,
653.1,33.07,0.052467,
656.6,33.07,0.052211,
660.27,33.07,0.052125,
663.77,33.07,0.052051,
667.27,33.07,0.051691,
670.77,33.07,0.051727,
674.27,33.07,0.051758,
677.77,33.07,0.051361,
679.52,33.07,0.051081,
684.95,33.07,0.050954,
688.45,33.07,0.050621,
691.95,33.07,0.050215,
695.45,33.07,0.050224,
699.12,33.07,0.050227,
702.62,33.07,0.049882,
706.3,33.07,0.049155,
709.8,33.07,0.048397,
12.43,66.15,0.048379,
16.1,66.15,0.048434,
19.6,66.15,0.047978,
23.1,66.15,0.047938,
26.78,66.15,0.04791,
30.45,66.15,0.048083,
33.95,66.15,0.047938,
37.45,66.15,0.048031,
41.13,66.15,0.048024,
44.63,66.15,0.048363,
48.13,66.15,0.048376,
51.8,66.15,0.048779,
55.3,66.15,0.049155,
58.45,66.15,0.049882,
62.3,66.15,0.050495,
65.8,66.15,0.051287,
69.47,66.15,0.052143,
72.97,66.15,0.052445,
76.47,66.15,0.052775,
79.97,66.15,0.052858,
83.65,66.15,0.053166,
87.15,66.15,0.053286,
90.65,66.15,0.053206,
94.32,66.15,0.053524,
97.82,66.15,0.053138,
101.32,66.15,0.052877,
105.17,66.15,0.052519,
108.67,66.15,0.051684,
112.17,66.15,0.051382,
115.85,66.15,0.050939,
119.52,66.15,0.050523,
123.02,66.15,0.050649,
126.7,66.15,0.050224,
130.2,66.15,0.050027,
133.87,66.15,0.049968,
137.55,66.15,0.049543,
141.05,66.15,0.049204,
144.55,66.15,0.04909,
148.23,66.15,0.049195,
151.73,66.15,0.049143,
155.23,66.15,0.049174,
158.73,66.15,0.049534,
162.23,66.15,0.050101,
165.9,66.15,0.050702,
169.23,66.15,0.050936,
172.9,66.15,0.051096,
176.4,66.15,0.051367,
179.9,66.15,0.051333,
183.58,66.15,0.050936,
187.08,66.15,0.0506,
190.58,66.15,0.050175,
194.08,66.15,0.04979,
197.58,66.15,0.049485,
201.08,66.15,0.04918,
204.58,66.15,0.048733,
208.25,66.15,0.048419,
211.75,66.15,0.04808,
215.25,66.15,0.047442,
218.75,66.15,0.046943,
222.43,66.15,0.04649,
226.1,66.15,0.045868,
229.43,66.15,0.045477,
233.1,66.15,0.04511,
236.95,66.15,0.044562,
240.63,66.15,0.044349,
244.13,66.15,0.044355,
247.63,66.15,0.04434,
251.13,66.15,0.04434,
254.8,66.15,0.0443,
258.3,66.15,0.044288,
261.98,66.15,0.043918,
265.48,66.15,0.043638,
268.98,66.15,0.04267,
272.48,66.15,0.041509,
275.98,66.15,0.039842,
279.65,66.15,0.038231,
283.15,66.15,0.036077,
286.65,66.15,0.033921,
290.15,66.15,0.031342,
293.65,66.15,0.028517,
297.15,66.15,0.02454,
300.83,66.15,0.019531,
304.33,66.15,0.013742,
307.83,66.15,0.006213,
311.5,66.15,-0.003017,
315,66.15,-0.01408,
318.68,66.15,-0.027,
322.18,66.15,-0.041375,
325.68,66.15,-0.057792,
329.18,66.15,-0.075241,
332.85,66.15,-0.093756,
336.35,66.15,-0.111344,
339.85,66.15,-0.126797,
343.35,66.15,-0.138007,
347.03,66.15,-0.143516,
350.53,66.15,-0.141325,
354.03,66.15,-0.129979,
357.7,66.15,-0.107736,
361.2,66.15,-0.075802,
364.88,66.15,-0.035167,
368.38,66.15,0.012827,
371.88,66.15,0.063021,
375.38,66.15,0.115338,
379.05,66.15,0.163739,
382.55,66.15,0.206887,
386.05,66.15,0.241419,
389.73,66.15,0.266736,
393.23,66.15,0.282984,
396.73,66.15,0.289127,
400.4,66.15,0.287134,
403.9,66.15,0.277867,
407.58,66.15,0.263745,
411.08,66.15,0.246567,
414.58,66.15,0.227722,
418.08,66.15,0.208144,
421.75,66.15,0.188117,
425.08,66.15,0.169358,
428.75,66.15,0.152294,
432.25,66.15,0.137211,
435.75,66.15,0.123807,
439.43,66.15,0.111989,
442.93,66.15,0.101407,
446.43,66.15,0.092568,
449.93,66.15,0.084876,
453.43,66.15,0.078942,
457.1,66.15,0.074063,
460.6,66.15,0.070116,
463.93,66.15,0.067596,
467.78,66.15,0.065239,
471.28,66.15,0.063089,
474.78,66.15,0.061413,
478.45,66.15,0.059956,
481.95,66.15,0.058453,
485.45,66.15,0.057233,
488.95,66.15,0.056111,
492.63,66.15,0.054941,
496.13,66.15,0.053878,
499.63,66.15,0.052772,
503.13,66.15,0.052085,
506.8,66.15,0.051312,
510.3,66.15,0.05141,
513.98,66.15,0.051355,
517.48,66.15,0.051401,
520.98,66.15,0.051706,
524.48,66.15,0.051678,
528.15,66.15,0.051746,
531.83,66.15,0.051697,
535.33,66.15,0.051684,
538.83,66.15,0.051426,
542.33,66.15,0.050899,
546,66.15,0.050172,
549.5,66.15,0.049833,
553,66.15,0.049771,
556.68,66.15,0.049864,
560.18,66.15,0.049867,
563.85,66.15,0.049848,
567.35,66.15,0.049824,
570.85,66.15,0.04995,
574.53,66.15,0.050184,
577.85,66.15,0.050172,
581.53,66.15,0.050508,
585.03,66.15,0.050665,
588.7,66.15,0.050548,
592.2,66.15,0.050538,
595.7,66.15,0.050172,
599.2,66.15,0.04991,
602.87,66.15,0.049679,
606.37,66.15,0.049543,
609.87,66.15,0.049494,
613.55,66.15,0.049574,
617.4,66.15,0.04979,
621.07,66.15,0.049808,
624.57,66.15,0.050273,
628.07,66.15,0.050292,
631.75,66.15,0.050609,
635.25,66.15,0.050609,
638.75,66.15,0.05064,
642.25,66.15,0.050563,
645.92,66.15,0.051025,
649.42,66.15,0.051019,
653.1,66.15,0.050486,
656.6,66.15,0.050575,
660.45,66.15,0.050227,
664.12,66.15,0.050209,
667.8,66.15,0.050246,
671.12,66.15,0.050655,
675.5,66.15,0.050612,
679,66.15,0.051031,
682.5,66.15,0.050936,
686,66.15,0.050735,
689.5,66.15,0.050689,
693.17,66.15,0.050273,
696.67,66.15,0.049879,
700.17,66.15,0.049552,
703.67,66.15,0.049509,
707.35,66.15,0.049211,
710.85,66.15,0.048785,
12.95,99.22,0.050243,
16.45,99.22,0.050264,
20.48,99.22,0.050215,
23.98,99.22,0.050591,
27.48,99.22,0.050563,
30.98,99.22,0.050646,
34.65,99.22,0.050554,
38.15,99.22,0.050218,
41.83,99.22,0.050243,
45.33,99.22,0.050258,
49,99.22,0.049787,
51.98,99.22,0.050276,
56,99.22,0.050246,
59.5,99.22,0.050785,
63,99.22,0.051364,
66.68,99.22,0.052088,
70.35,99.22,0.0528,
73.68,99.22,0.053249,
77.35,99.22,0.0532,
80.85,99.22,0.053246,
84.35,99.22,0.053212,
87.85,99.22,0.053206,
91.53,99.22,0.0532,
95.02,99.22,0.053178,
98.7,99.22,0.053194,
102.2,99.22,0.053135,
105.7,99.22,0.053092,
109.37,99.22,0.05328,
113.05,99.22,0.052861,
116.55,99.22,0.052824,
120.05,99.22,0.052525,
123.72,99.22,0.052393,
128.27,99.22,0.052091,
131.95,99.22,0.052042,
135.45,99.22,0.052073,
138.95,99.22,0.051814,
142.28,99.22,0.051752,
146.13,99.22,0.051829,
149.8,99.22,0.051783,
153.3,99.22,0.051419,
156.8,99.22,0.051065,
160.3,99.22,0.051056,
163.8,99.22,0.05104,
167.48,99.22,0.05137,
170.8,99.22,0.051342,
174.48,99.22,0.051527,
177.98,99.22,0.05174,
181.48,99.22,0.051764,
185.15,99.22,0.051724,
188.3,99.22,0.051829,
192.33,99.22,0.051407,
195.65,99.22,0.050988,
199.33,99.22,0.050464,
202.83,99.22,0.049885,
206.33,99.22,0.049845,
209.83,99.22,0.049589,
213.5,99.22,0.049559,
217,99.22,0.049432,
220.5,99.22,0.049174,
224.18,99.22,0.048795,
227.68,99.22,0.048394,
231.18,99.22,0.048101,
234.33,99.22,0.047368,
238.35,99.22,0.046706,
241.85,99.22,0.045791,
245.53,99.22,0.045135,
249.03,99.22,0.044334,
252.53,99.22,0.043656,
256.03,99.22,0.043684,
259.53,99.22,0.043065,
263.03,99.22,0.042421,
266.7,99.22,0.04149,
270.2,99.22,0.040585,
273.88,99.22,0.03942,
277.38,99.22,0.038286,
281.05,99.22,0.037082,
284.55,99.22,0.035674,
288.23,99.22,0.033616,
291.73,99.22,0.031173,
295.4,99.22,0.028206,
298.9,99.22,0.02397,
302.58,99.22,0.01853,
305.9,99.22,0.01206,
309.4,99.22,0.004414,
313.08,99.22,-0.005543,
316.58,99.22,-0.016452,
320.08,99.22,-0.028926,
323.75,99.22,-0.042952,
327.25,99.22,-0.058195,
330.93,99.22,-0.074126,
334.43,99.22,-0.089514,
337.93,99.22,-0.103821,
341.43,99.22,-0.114976,
345.1,99.22,-0.121636,
348.6,99.22,-0.122114,
352.1,99.22,-0.114834,
355.6,99.22,-0.099246,
359.28,99.22,-0.075216,
362.78,99.22,-0.044012,
366.28,99.22,-0.005084,
369.95,99.22,0.039663,
373.45,99.22,0.085175,
377.13,99.22,0.130926,
380.45,99.22,0.171475,
383.95,99.22,0.207701,
387.63,99.22,0.235788,
391.13,99.22,0.254746,
394.8,99.22,0.265643,
398.3,99.22,0.268588,
401.98,99.22,0.264186,
405.48,99.22,0.25498,
408.98,99.22,0.241826,
412.65,99.22,0.226117,
415.98,99.22,0.208964,
419.65,99.22,0.191256,
423.15,99.22,0.173603,
426.65,99.22,0.157427,
430.15,99.22,0.142522,
433.83,99.22,0.129254,
437.33,99.22,0.117137,
440.83,99.22,0.106721,
444.5,99.22,0.097414,
448,99.22,0.089934,
451.5,99.22,0.083308,
455.18,99.22,0.077929,
458.68,99.22,0.072852,
462.18,99.22,0.06889,
465.85,99.22,0.065446,
469.35,99.22,0.062498,
473.03,99.22,0.060079,
476.53,99.22,0.058397,
480.03,99.22,0.057276,
483.53,99.22,0.056339,
487.03,99.22,0.056176,
490.7,99.22,0.055477,
494.2,99.22,0.055058,
497.7,99.22,0.054442,
501.38,99.22,0.053517,
504.88,99.22,0.053234,
508.55,99.22,0.052738,
512.05,99.22,0.052251,
515.55,99.22,0.051749,
518.88,99.22,0.051386,
522.73,99.22,0.051339,
526.23,99.22,0.051268,
529.73,99.22,0.050997,
533.4,99.22,0.051364,
536.9,99.22,0.051342,
540.4,99.22,0.051721,
544.08,99.22,0.051734,
547.58,99.22,0.051703,
551.08,99.22,0.051786,
554.75,99.22,0.051496,
558.25,99.22,0.051358,
561.75,99.22,0.050973,
565.25,99.22,0.051336,
568.93,99.22,0.051352,
572.43,99.22,0.050973,
575.93,99.22,0.050729,
579.08,99.22,0.050572,
582.93,99.22,0.050224,
586.6,99.22,0.04991,
590.1,99.22,0.049491,
593.6,99.22,0.048909,
597.1,99.22,0.048376,
600.6,99.22,0.047843,
604.27,99.22,0.047347,
607.77,99.22,0.046697,
611.27,99.22,0.04617,
614.77,99.22,0.045902,
618.27,99.22,0.045745,
621.95,99.22,0.04576,
625.27,99.22,0.046173,
628.95,99.22,0.046345,
632.45,99.22,0.046752,
635.95,99.22,0.047334,
639.62,99.22,0.047322,
643.3,99.22,0.047359,
646.8,99.22,0.047565,
650.3,99.22,0.047692,
653.97,99.22,0.048049,
657.47,99.22,0.0484,
660.97,99.22,0.048841,
664.65,99.22,0.049281,
668.15,99.22,0.049565,
671.82,99.22,0.049864,
675.5,99.22,0.050233,
679,99.22,0.049839,
682.5,99.22,0.049528,
686.17,99.22,0.048798,
689.67,99.22,0.048271,
693.17,99.22,0.047593,
696.85,99.22,0.046875,
700.35,99.22,0.046564,
703.85,99.22,0.046182,
707.35,99.22,0.04605,
710.85,99.22,0.045837,
12.6,132.3,0.053591,
16.28,132.3,0.053542,
19.95,132.3,0.053628,
23.63,132.3,0.053884,
27.13,132.3,0.054029,
30.63,132.3,0.054044,
34.3,132.3,0.054001,
37.8,132.3,0.053973,
41.3,132.3,0.05393,
44.8,132.3,0.05438,
48.48,132.3,0.054146,
51.98,132.3,0.05471,
55.65,132.3,0.055119,
59.15,132.3,0.055129,
62.65,132.3,0.055455,
66.33,132.3,0.055486,
69.83,132.3,0.055791,
73.5,132.3,0.056121,
77,132.3,0.056231,
80.5,132.3,0.056472,
84,132.3,0.05694,
87.5,132.3,0.056928,
91.18,132.3,0.056795,
94.68,132.3,0.056536,
98.18,132.3,0.056154,
101.68,132.3,0.056198,
105.18,132.3,0.056195,
108.85,132.3,0.056195,
112.53,132.3,0.056198,
116.03,132.3,0.05617,
119.53,132.3,0.056176,
123.03,132.3,0.056213,
126.88,132.3,0.055886,
130.38,132.3,0.055437,
133.88,132.3,0.055446,
137.38,132.3,0.055052,
141.05,132.3,0.054765,
144.55,132.3,0.054623,
148.05,132.3,0.054352,
151.55,132.3,0.054312,
155.23,132.3,0.054355,
158.73,132.3,0.054244,
162.23,132.3,0.054235,
165.73,132.3,0.054405,
169.4,132.3,0.054408,
172.9,132.3,0.053939,
176.4,132.3,0.053967,
179.9,132.3,0.053939,
183.4,132.3,0.053638,
187.08,132.3,0.053647,
190.58,132.3,0.05365,
193.9,132.3,0.053668,
197.75,132.3,0.05324,
201.25,132.3,0.053256,
204.58,132.3,0.052815,
208.25,132.3,0.052769,
211.93,132.3,0.052525,
215.43,132.3,0.052273,
219.1,132.3,0.0521,
222.6,132.3,0.051657,
226.1,132.3,0.051817,
229.78,132.3,0.051426,
233.28,132.3,0.050911,
236.78,132.3,0.050646,
240.45,132.3,0.050236,
243.95,132.3,0.049676,
247.45,132.3,0.049081,
250.95,132.3,0.048366,
254.45,132.3,0.048086,
257.95,132.3,0.047279,
261.45,132.3,0.046512,
265.13,132.3,0.045825,
268.63,132.3,0.044965,
272.3,132.3,0.043816,
275.8,132.3,0.043077,
279.3,132.3,0.041764,
282.8,132.3,0.040172,
286.3,132.3,0.038188,
289.8,132.3,0.03593,
293.48,132.3,0.033003,
296.98,132.3,0.029817,
300.48,132.3,0.025464,
303.98,132.3,0.019928,
307.65,132.3,0.013573,
311.15,132.3,0.005545,
314.83,132.3,-0.004107,
318.33,132.3,-0.015035,
321.83,132.3,-0.027271,
325.33,132.3,-0.040959,
328.83,132.3,-0.055389,
332.33,132.3,-0.070275,
336,132.3,-0.084643,
339.5,132.3,-0.097271,
343,132.3,-0.106492,
346.68,132.3,-0.110383,
350.18,132.3,-0.107228,
353.85,132.3,-0.096322,
357.35,132.3,-0.077832,
360.85,132.3,-0.052259,
364.53,132.3,-0.020099,
368.03,132.3,0.018862,
371.53,132.3,0.059389,
375.03,132.3,0.10141,
378.7,132.3,0.142467,
382.38,132.3,0.177035,
385.88,132.3,0.206949,
389.38,132.3,0.228813,
392.88,132.3,0.243209,
396.55,132.3,0.250144,
400.05,132.3,0.250513,
403.55,132.3,0.245775,
407.05,132.3,0.236321,
410.55,132.3,0.223613,
414.23,132.3,0.209318,
417.9,132.3,0.193154,
421.23,132.3,0.176632,
424.9,132.3,0.16048,
428.4,132.3,0.14613,
432.08,132.3,0.132661,
435.58,132.3,0.120061,
439.25,132.3,0.108776,
442.75,132.3,0.099334,
446.25,132.3,0.090966,
449.75,132.3,0.083326,
453.43,132.3,0.077273,
456.93,132.3,0.072042,
460.43,132.3,0.068108,
464.1,132.3,0.064759,
467.78,132.3,0.062088,
470.93,132.3,0.060042,
474.78,132.3,0.058388,
478.28,132.3,0.057005,
481.95,132.3,0.056216,
485.45,132.3,0.05511,
489.13,132.3,0.054365,
492.63,132.3,0.053354,
496.13,132.3,0.052464,
499.8,132.3,0.051937,
503.48,132.3,0.051333,
506.98,132.3,0.050655,
510.48,132.3,0.050221,
513.98,132.3,0.049836,
517.48,132.3,0.049475,
521.15,132.3,0.049599,
524.65,132.3,0.049112,
528.15,132.3,0.049121,
531.65,132.3,0.049204,
535.33,132.3,0.049226,
538.83,132.3,0.049161,
542.33,132.3,0.049556,
545.83,132.3,0.049503,
549.5,132.3,0.049885,
553,132.3,0.050283,
556.5,132.3,0.050203,
560,132.3,0.049814,
563.68,132.3,0.049876,
567.18,132.3,0.049469,
570.68,132.3,0.049137,
574.18,132.3,0.048736,
577.68,132.3,0.048308,
581.18,132.3,0.047877,
584.85,132.3,0.047316,
588.35,132.3,0.046875,
591.85,132.3,0.046567,
595.35,132.3,0.046188,
599.03,132.3,0.045831,
602.53,132.3,0.045874,
606.03,132.3,0.045905,
609.53,132.3,0.045434,
613.03,132.3,0.045461,
616.7,132.3,0.045397,
620.38,132.3,0.045489,
623.88,132.3,0.045868,
627.55,132.3,0.045868,
631.05,132.3,0.045461,
634.55,132.3,0.045452,
638.05,132.3,0.045215,
641.55,132.3,0.044703,
645.05,132.3,0.044371,
648.55,132.3,0.044097,
652.4,132.3,0.043638,
655.9,132.3,0.043687,
659.4,132.3,0.043351,
662.9,132.3,0.043283,
666.57,132.3,0.043256,
670.25,132.3,0.043499,
673.75,132.3,0.043631,
677.25,132.3,0.04357,
680.75,132.3,0.043601,
684.42,132.3,0.043256,
687.92,132.3,0.04291,
691.42,132.3,0.042907,
694.92,132.3,0.043286,
698.42,132.3,0.043277,
702.1,132.3,0.043647,
705.6,132.3,0.043428,
709.1,132.3,0.043329,
11.73,165.38,0.050945,
15.23,165.38,0.050594,
18.9,165.38,0.050591,
22.58,165.38,0.050637,
26.08,165.38,0.051016,
29.75,165.38,0.050846,
33.25,165.38,0.051219,
36.93,165.38,0.051349,
40.43,165.38,0.051724,
44.1,165.38,0.052073,
47.6,165.38,0.052775,
51.1,165.38,0.053524,
54.6,165.38,0.054272,
58.28,165.38,0.055125,
61.78,165.38,0.055751,
65.45,165.38,0.056167,
68.95,165.38,0.056832,
72.28,165.38,0.057796,
75.95,165.38,0.058751,
79.63,165.38,0.059509,
83.13,165.38,0.059956,
86.8,165.38,0.060243,
90.13,165.38,0.059931,
93.8,165.38,0.0595,
97.3,165.38,0.058718,
100.8,165.38,0.058345,
104.3,165.38,0.058058,
107.98,165.38,0.057664,
111.48,165.38,0.057605,
115.15,165.38,0.057605,
118.65,165.38,0.057612,
122.15,165.38,0.057205,
125.65,165.38,0.056854,
129.15,165.38,0.05658,
132.65,165.38,0.05617,
136.33,165.38,0.055874,
139.83,165.38,0.05544,
143.33,165.38,0.055107,
146.83,165.38,0.055196,
150.33,165.38,0.055058,
154.18,165.38,0.055036,
157.68,165.38,0.055045,
161.18,165.38,0.055092,
164.85,165.38,0.055224,
168.35,165.38,0.0554,
171.85,165.38,0.055495,
175.35,165.38,0.05552,
178.85,165.38,0.055421,
182.53,165.38,0.055113,
186.03,165.38,0.054306,
189.53,165.38,0.054078,
193.03,165.38,0.05341,
196.18,165.38,0.052775,
200.2,165.38,0.052451,
203.7,165.38,0.052134,
207.2,165.38,0.051906,
210.7,165.38,0.05166,
214.2,165.38,0.051389,
217.7,165.38,0.050967,
221.38,165.38,0.050655,
224.88,165.38,0.050628,
228.38,165.38,0.050458,
231.88,165.38,0.050323,
235.55,165.38,0.050258,
239.05,165.38,0.049894,
242.55,165.38,0.049864,
246.05,165.38,0.049435,
249.55,165.38,0.048924,
253.23,165.38,0.048243,
256.9,165.38,0.047334,
260.4,165.38,0.046983,
264.08,165.38,0.046272,
267.4,165.38,0.045615,
270.9,165.38,0.044392,
274.75,165.38,0.043551,
278.25,165.38,0.042143,
281.93,165.38,0.040544,
285.43,165.38,0.038736,
288.93,165.38,0.036577,
292.43,165.38,0.034171,
295.93,165.38,0.031102,
299.43,165.38,0.026965,
303.1,165.38,0.021678,
306.6,165.38,0.015563,
310.1,165.38,0.007938,
313.6,165.38,-0.000586,
317.28,165.38,-0.01062,
320.78,165.38,-0.021818,
324.28,165.38,-0.034138,
327.95,165.38,-0.047019,
331.63,165.38,-0.061667,
335.13,165.38,-0.073676,
338.63,165.38,-0.084785,
342.13,165.38,-0.09289,
345.8,165.38,-0.096452,
349.48,165.38,-0.094012,
352.98,165.38,-0.084874,
356.65,165.38,-0.06911,
360.68,165.38,-0.042136,
364.18,165.38,-0.012216,
367.85,165.38,0.022368,
371.35,165.38,0.058031,
375.03,165.38,0.098151,
378.53,165.38,0.131324,
382.2,165.38,0.161056,
385.7,165.38,0.185794,
389.73,165.38,0.207297,
393.23,165.38,0.217852,
396.9,165.38,0.22243,
400.4,165.38,0.220914,
404.43,165.38,0.213012,
407.93,165.38,0.203123,
411.43,165.38,0.190664,
415.1,165.38,0.176416,
418.95,165.38,0.159993,
422.45,165.38,0.146151,
425.95,165.38,0.132488,
429.63,165.38,0.119531,
433.13,165.38,0.107689,
436.45,165.38,0.097048,
440.13,165.38,0.087877,
443.63,165.38,0.080181,
447.13,165.38,0.073188,
450.63,165.38,0.068009,
454.3,165.38,0.063292,
457.8,165.38,0.059429,
461.3,165.38,0.056241,
464.98,165.38,0.05348,
468.48,165.38,0.050785,
471.98,165.38,0.048437,
475.65,165.38,0.046127,
478.98,165.38,0.044155,
482.65,165.38,0.042716,
486.15,165.38,0.041386,
489.83,165.38,0.040166,
493.33,165.38,0.039516,
496.83,165.38,0.038798,
500.33,165.38,0.038209,
503.83,165.38,0.037655,
507.5,165.38,0.036959,
510.83,165.38,0.036185,
514.5,165.38,0.035353,
518,165.38,0.03483,
521.5,165.38,0.034328,
524.83,165.38,0.033875,
528.68,165.38,0.033271,
532.18,165.38,0.032445,
535.68,165.38,0.0319,
539.35,165.38,0.031459,
543.03,165.38,0.030985,
546.53,165.38,0.031031,
550.2,165.38,0.030548,
553.7,165.38,0.029861,
557.2,165.38,0.029414,
560.7,165.38,0.029389,
564.2,165.38,0.029882,
567.88,165.38,0.030196,
571.38,165.38,0.030615,
575.05,165.38,0.030637,
578.55,165.38,0.030446,
582.05,165.38,0.029768,
585.55,165.38,0.029097,
589.23,165.38,0.028604,
592.73,165.38,0.027975,
596.23,165.38,0.027569,
599.9,165.38,0.027131,
603.4,165.38,0.027288,
606.9,165.38,0.026789,
610.58,165.38,0.026771,
614.78,165.38,0.026786,
618.28,165.38,0.026792,
621.95,165.38,0.02645,
625.45,165.38,0.025985,
629.3,165.38,0.025335,
632.8,165.38,0.02495,
636.3,165.38,0.024152,
639.98,165.38,0.023881,
644,165.38,0.023502,
647.5,165.38,0.02308,
651.18,165.38,0.023065,
654.68,165.38,0.023034,
658.53,165.38,0.023095,
662.2,165.38,0.023052,
665.7,165.38,0.02308,
669.2,165.38,0.023034,
672.88,165.38,0.022978,
676.38,165.38,0.023028,
680.05,165.38,0.023006,
683.55,165.38,0.023031,
687.05,165.38,0.023077,
690.73,165.38,0.02344,
694.23,165.38,0.022963,
697.9,165.38,0.022676,
701.4,165.38,0.022313,
704.9,165.38,0.022023,
708.4,165.38,0.021537,
12.6,198.45,0.052433,
16.1,198.45,0.052482,
19.6,198.45,0.052362,
23.28,198.45,0.052427,
26.78,198.45,0.052227,
30.45,198.45,0.052156,
34.13,198.45,0.052054,
37.45,198.45,0.052116,
41.3,198.45,0.052476,
44.8,198.45,0.053148,
48.3,198.45,0.053838,
51.98,198.45,0.054288,
55.48,198.45,0.055064,
58.98,198.45,0.055381,
62.65,198.45,0.055785,
66.15,198.45,0.055742,
69.83,198.45,0.055819,
73.33,198.45,0.055791,
76.83,198.45,0.055822,
80.5,198.45,0.055353,
84,198.45,0.05527,
87.5,198.45,0.055098,
91,198.45,0.05507,
94.5,198.45,0.055446,
98.18,198.45,0.05543,
101.68,198.45,0.055418,
105.18,198.45,0.055634,
108.68,198.45,0.055779,
112.18,198.45,0.055772,
115.85,198.45,0.055846,
119.35,198.45,0.056121,
123.03,198.45,0.056081,
126.88,198.45,0.05617,
130.55,198.45,0.056176,
134.05,198.45,0.056142,
137.73,198.45,0.05609,
141.4,198.45,0.05552,
144.9,198.45,0.055446,
148.4,198.45,0.055082,
152.08,198.45,0.054999,
155.58,198.45,0.054657,
159.08,198.45,0.054602,
162.75,198.45,0.054281,
166.43,198.45,0.054331,
169.93,198.45,0.05467,
173.43,198.45,0.054697,
177.1,198.45,0.054722,
180.6,198.45,0.055129,
184.28,198.45,0.055033,
187.78,198.45,0.054975,
191.28,198.45,0.054676,
194.78,198.45,0.054707,
198.45,198.45,0.05471,
201.95,198.45,0.054312,
205.63,198.45,0.054254,
209.3,198.45,0.054734,
212.8,198.45,0.054694,
216.3,198.45,0.054685,
219.98,198.45,0.054682,
223.48,198.45,0.05471,
226.98,198.45,0.054762,
230.65,198.45,0.05426,
234.15,198.45,0.054361,
237.65,198.45,0.053998,
241.15,198.45,0.053397,
244.65,198.45,0.052756,
248.33,198.45,0.052183,
251.83,198.45,0.05137,
255.33,198.45,0.050289,
258.83,198.45,0.049192,
262.5,198.45,0.047991,
266,198.45,0.046764,
269.5,198.45,0.045699,
273,198.45,0.044402,
276.68,198.45,0.043428,
280.18,198.45,0.041857,
283.85,198.45,0.040055,
287.35,198.45,0.037784,
290.85,198.45,0.035144,
294.35,198.45,0.03211,
298.03,198.45,0.028394,
301.53,198.45,0.023721,
305.03,198.45,0.018437,
308.53,198.45,0.012492,
312.03,198.45,0.005153,
315.7,198.45,-0.004338,
319.38,198.45,-0.01424,
322.88,198.45,-0.025796,
326.38,198.45,-0.037761,
330.05,198.45,-0.048984,
333.55,198.45,-0.060247,
337.05,198.45,-0.070324,
340.55,198.45,-0.07802,
344.23,198.45,-0.082896,
347.73,198.45,-0.083864,
351.23,198.45,-0.07972,
354.9,198.45,-0.070552,
358.4,198.45,-0.055611,
362.08,198.45,-0.036214,
365.58,198.45,-0.012675,
369.08,198.45,0.013696,
372.75,198.45,0.040658,
376.25,198.45,0.065751,
379.93,198.45,0.089392,
383.43,198.45,0.107781,
386.93,198.45,0.120458,
390.43,198.45,0.127377,
393.93,198.45,0.128862,
397.43,198.45,0.124864,
401.1,198.45,0.116626,
404.6,198.45,0.104897,
408.1,198.45,0.090794,
411.6,198.45,0.075467,
415.28,198.45,0.060079,
418.78,198.45,0.045689,
422.28,198.45,0.032433,
425.78,198.45,0.020178,
429.45,198.45,0.009124,
432.95,198.45,-0.000321,
436.45,198.45,-0.008584,
439.95,198.45,-0.016107,
443.45,198.45,-0.022351,
447.13,198.45,-0.027884,
450.63,198.45,-0.032696,
454.3,198.45,-0.036473,
457.8,198.45,-0.040327,
461.3,198.45,-0.043685,
464.98,198.45,-0.046402,
468.48,198.45,-0.0485,
471.98,198.45,-0.05102,
475.48,198.45,-0.053254,
479.15,198.45,-0.055454,
482.65,198.45,-0.057296,
486.15,198.45,-0.058793,
489.83,198.45,-0.059856,
493.33,198.45,-0.061307,
496.83,198.45,-0.062933,
500.33,198.45,-0.06472,
504,198.45,-0.066572,
507.5,198.45,-0.068383,
511,198.45,-0.069991,
514.5,198.45,-0.07168,
518,198.45,-0.07298,
521.68,198.45,-0.074582,
525.18,198.45,-0.076076,
528.33,198.45,-0.077511,
532.18,198.45,-0.078885,
535.85,198.45,-0.07997,
539.53,198.45,-0.08045,
543.03,198.45,-0.080777,
546.7,198.45,-0.080805,
550.2,198.45,-0.080792,
553.7,198.45,-0.081393,
557.38,198.45,-0.082139,
560.88,198.45,-0.083146,
564.38,198.45,-0.083892,
567.88,198.45,-0.084246,
571.38,198.45,-0.084597,
575.05,198.45,-0.085133,
578.73,198.45,-0.085949,
582.05,198.45,-0.08692,
585.73,198.45,-0.088072,
589.23,198.45,-0.089175,
592.9,198.45,-0.090715,
596.4,198.45,-0.092108,
599.9,198.45,-0.093479,
603.4,198.45,-0.094631,
607.08,198.45,-0.09574,
610.75,198.45,-0.096972,
614.25,198.45,-0.097712,
617.93,198.45,-0.099055,
621.43,198.45,-0.100432,
625.1,198.45,-0.101741,
628.6,198.45,-0.102884,
632.1,198.45,-0.103928,
635.78,198.45,-0.104628,
639.28,198.45,-0.10546,
642.95,198.45,-0.10663,
646.28,198.45,-0.10785,
649.95,198.45,-0.109092,
653.45,198.45,-0.110278,
656.95,198.45,-0.111224,
660.63,198.45,-0.112696,
664.13,198.45,-0.114314,
667.63,198.45,-0.115663,
671.13,198.45,-0.11692,
674.63,198.45,-0.118106,
678.13,198.45,-0.119421,
681.8,198.45,-0.120684,
685.3,198.45,-0.122043,
688.98,198.45,-0.123211,
692.48,198.45,-0.123882,
695.98,198.45,-0.124366,
699.48,198.45,-0.12493,
702.98,198.45,-0.125389,
706.48,198.45,-0.125959,
710.15,198.45,-0.126316,
12.6,231.53,0.054694,
16.1,231.53,0.053921,
19.78,231.53,0.053533,
23.45,231.53,0.053138,
26.95,231.53,0.05328,
30.45,231.53,0.053567,
34.13,231.53,0.053899,
37.63,231.53,0.054309,
41.13,231.53,0.054651,
44.8,231.53,0.055471,
48.3,231.53,0.05576,
51.98,231.53,0.055967,
55.48,231.53,0.056185,
58.98,231.53,0.055745,
62.65,231.53,0.055782,
66.33,231.53,0.055477,
69.83,231.53,0.055418,
73.33,231.53,0.055033,
76.83,231.53,0.054719,
80.5,231.53,0.054651,
84,231.53,0.05491,
87.5,231.53,0.055055,
91.18,231.53,0.055467,
94.68,231.53,0.055782,
98.18,231.53,0.055757,
101.68,231.53,0.056219,
105.18,231.53,0.056108,
108.85,231.53,0.056145,
112.53,231.53,0.056207,
116.03,231.53,0.056167,
119.53,231.53,0.056145,
123.2,231.53,0.056176,
126.88,231.53,0.056521,
130.55,231.53,0.0569,
134.23,231.53,0.056897,
137.73,231.53,0.056962,
141.4,231.53,0.056968,
144.9,231.53,0.056934,
148.58,231.53,0.056971,
152.08,231.53,0.056848,
155.58,231.53,0.05686,
159.08,231.53,0.056795,
162.75,231.53,0.056857,
166.25,231.53,0.056845,
170.1,231.53,0.056875,
173.6,231.53,0.056814,
177.28,231.53,0.056549,
180.78,231.53,0.056108,
184.8,231.53,0.056102,
188.3,231.53,0.056164,
191.8,231.53,0.055717,
195.3,231.53,0.056216,
198.98,231.53,0.056182,
202.48,231.53,0.056521,
206.15,231.53,0.056875,
209.65,231.53,0.056891,
213.33,231.53,0.056897,
216.83,231.53,0.056922,
220.33,231.53,0.056404,
224,231.53,0.056438,
227.5,231.53,0.056456,
231.18,231.53,0.056191,
234.68,231.53,0.05576,
238.18,231.53,0.055027,
241.85,231.53,0.05393,
245.35,231.53,0.052821,
248.85,231.53,0.051718,
252.53,231.53,0.050418,
256.03,231.53,0.049503,
259.7,231.53,0.048302,
263.2,231.53,0.047134,
266.7,231.53,0.045822,
270.2,231.53,0.044469,
273.7,231.53,0.043028,
277.2,231.53,0.041422,
280.88,231.53,0.039614,
284.38,231.53,0.037833,
288.23,231.53,0.035625,
291.73,231.53,0.033074,
295.23,231.53,0.030412,
298.73,231.53,0.026728,
302.4,231.53,0.02243,
306.08,231.53,0.017575,
309.58,231.53,0.011176,
313.08,231.53,0.004201,
316.58,231.53,-0.00468,
320.08,231.53,-0.013581,
323.75,231.53,-0.024169,
327.43,231.53,-0.034391,
330.93,231.53,-0.045155,
334.43,231.53,-0.056073,
337.93,231.53,-0.065688,
341.43,231.53,-0.073744,
345.1,231.53,-0.079733,
348.6,231.53,-0.082453,
352.1,231.53,-0.081476,
355.6,231.53,-0.076673,
359.28,231.53,-0.06919,
362.95,231.53,-0.058038,
366.63,231.53,-0.046165,
370.13,231.53,-0.033895,
373.63,231.53,-0.022166,
377.13,231.53,-0.012247,
380.63,231.53,-0.005099,
384.13,231.53,-0.000965,
387.8,231.53,0.000178,
391.3,231.53,-0.001951,
394.8,231.53,-0.006711,
398.48,231.53,-0.012736,
401.98,231.53,-0.019973,
405.48,231.53,-0.02671,
409.15,231.53,-0.033069,
412.65,231.53,-0.038084,
416.15,231.53,-0.04261,
419.65,231.53,-0.046073,
423.15,231.53,-0.048944,
426.83,231.53,-0.051692,
430.15,231.53,-0.054428,
433.83,231.53,-0.057459,
437.5,231.53,-0.060663,
441,231.53,-0.064406,
444.68,231.53,-0.068562,
448.18,231.53,-0.072428,
451.85,231.53,-0.07667,
455.35,231.53,-0.080669,
458.85,231.53,-0.084406,
462.35,231.53,-0.087847,
466.73,231.53,-0.091917,
470.23,231.53,-0.0942,
473.73,231.53,-0.096014,
477.23,231.53,-0.09688,
480.73,231.53,-0.097213,
484.23,231.53,-0.096643,
487.9,231.53,-0.09517,
491.4,231.53,-0.092755,
495.08,231.53,-0.090185,
498.58,231.53,-0.087444,
502.08,231.53,-0.084425,
505.58,231.53,-0.080851,
509.08,231.53,-0.077462,
511.88,231.53,-0.074486,
516.25,231.53,-0.072256,
519.75,231.53,-0.070795,
523.25,231.53,-0.069421,
526.93,231.53,-0.068399,
530.43,231.53,-0.067176,
533.93,231.53,-0.06651,
537.43,231.53,-0.066085,
540.93,231.53,-0.066054,
544.6,231.53,-0.066911,
548.1,231.53,-0.068177,
551.78,231.53,-0.069773,
555.28,231.53,-0.071267,
558.78,231.53,-0.072579,
562.28,231.53,-0.074138,
565.95,231.53,-0.07473,
569.45,231.53,-0.075521,
572.95,231.53,-0.075943,
576.63,231.53,-0.076165,
580.13,231.53,-0.076258,
583.63,231.53,-0.075953,
587.3,231.53,-0.075577,
590.8,231.53,-0.074902,
594.48,231.53,-0.074181,
597.98,231.53,-0.073442,
601.65,231.53,-0.072875,
605.33,231.53,-0.072456,
608.83,231.53,-0.072493,
612.33,231.53,-0.072505,
615.83,231.53,-0.072139,
619.33,231.53,-0.071945,
623,231.53,-0.07175,
626.5,231.53,-0.071846,
630,231.53,-0.071837,
633.5,231.53,-0.071834,
637,231.53,-0.071723,
640.68,231.53,-0.071818,
644.18,231.53,-0.071754,
647.68,231.53,-0.071427,
651.18,231.53,-0.071473,
654.85,231.53,-0.07106,
658.35,231.53,-0.071063,
661.85,231.53,-0.071057,
665.53,231.53,-0.071045,
668.85,231.53,-0.07098,
672.35,231.53,-0.07062,
676.03,231.53,-0.070355,
679.7,231.53,-0.069924,
683.2,231.53,-0.069554,
686.7,231.53,-0.069175,
690.38,231.53,-0.068531,
693.7,231.53,-0.067964,
697.38,231.53,-0.068014,
701.05,231.53,-0.067638,
704.73,231.53,-0.067536,
708.23,231.53,-0.067,
12.78,264.6,0.052756,
16.28,264.6,0.05279,
20.13,264.6,0.05316,
23.8,264.6,0.053545,
27.3,264.6,0.053979,
30.8,264.6,0.054291,
34.3,264.6,0.054636,
37.98,264.6,0.055027,
41.65,264.6,0.055446,
45.15,264.6,0.055702,
48.83,264.6,0.055828,
52.33,264.6,0.055717,
56.18,264.6,0.05543,
59.68,264.6,0.055033,
63.35,264.6,0.054318,
66.85,264.6,0.053936,
70.88,264.6,0.054001,
74.38,264.6,0.053979,
77.88,264.6,0.054297,
81.38,264.6,0.054697,
85.23,264.6,0.054959,
88.73,264.6,0.055344,
92.23,264.6,0.055776,
95.9,264.6,0.056154,
99.4,264.6,0.056108,
102.9,264.6,0.056219,
106.4,264.6,0.056084,
110.08,264.6,0.056074,
113.58,264.6,0.056546,
117.25,264.6,0.056546,
120.75,264.6,0.0569,
124.25,264.6,0.057239,
127.93,264.6,0.057177,
131.43,264.6,0.057556,
134.93,264.6,0.058031,
138.43,264.6,0.058296,
141.93,264.6,0.058336,
145.43,264.6,0.058705,
148.93,264.6,0.058755,
152.6,264.6,0.058788,
156.1,264.6,0.058379,
159.78,264.6,0.058431,
163.28,264.6,0.058795,
166.78,264.6,0.058299,
170.28,264.6,0.058354,
173.95,264.6,0.058373,
177.45,264.6,0.058736,
180.95,264.6,0.059109,
184.45,264.6,0.059432,
188.13,264.6,0.059824,
191.63,264.6,0.059913,
195.13,264.6,0.059901,
198.63,264.6,0.059808,
202.3,264.6,0.059891,
205.8,264.6,0.059842,
209.48,264.6,0.059891,
212.98,264.6,0.05987,
216.48,264.6,0.059475,
219.98,264.6,0.059177,
223.48,264.6,0.05844,
227.15,264.6,0.057818,
230.65,264.6,0.056841,
234.15,264.6,0.056179,
237.83,264.6,0.055689,
241.15,264.6,0.05515,
244.65,264.6,0.0547,
248.33,264.6,0.054266,
251.83,264.6,0.053573,
255.5,264.6,0.053148,
259,264.6,0.052522,
262.5,264.6,0.051675,
266.53,264.6,0.050566,
270.03,264.6,0.049392,
273.53,264.6,0.047926,
277.2,264.6,0.046407,
280.88,264.6,0.044211,
284.38,264.6,0.042171,
287.88,264.6,0.039312,
291.38,264.6,0.03637,
295.05,264.6,0.032667,
298.73,264.6,0.028822,
302.23,264.6,0.023958,
305.73,264.6,0.018351,
309.4,264.6,0.011894,
312.9,264.6,0.0045,
316.4,264.6,-0.004468,
319.9,264.6,-0.014381,
323.58,264.6,-0.025207,
327.08,264.6,-0.036005,
330.58,264.6,-0.047154,
334.08,264.6,-0.058303,
337.58,264.6,-0.068805,
341.25,264.6,-0.07712,
344.75,264.6,-0.082958,
348.25,264.6,-0.084603,
351.75,264.6,-0.082179,
355.43,264.6,-0.073528,
358.93,264.6,-0.061097,
362.6,264.6,-0.04355,
366.28,264.6,-0.02123,
369.78,264.6,0.005009,
373.28,264.6,0.032341,
376.95,264.6,0.059448,
380.45,264.6,0.087362,
383.95,264.6,0.114417,
387.45,264.6,0.139109,
390.95,264.6,0.161961,
394.45,264.6,0.184047,
397.95,264.6,0.204521,
401.28,264.6,0.223366,
405.13,264.6,0.239996,
408.63,264.6,0.255165,
412.3,264.6,0.269032,
415.63,264.6,0.281567,
419.3,264.6,0.292162,
422.8,264.6,0.300988,
426.3,264.6,0.308064,
429.8,264.6,0.312867,
433.3,264.6,0.316197,
436.98,264.6,0.317858,
440.48,264.6,0.318348,
443.98,264.6,0.317568,
447.65,264.6,0.315747,
451.15,264.6,0.313166,
454.83,264.6,0.31084,
458.15,264.6,0.307956,
462.18,264.6,0.304999,
465.68,264.6,0.302953,
469.35,264.6,0.301203,
473.03,264.6,0.300094,
476.35,264.6,0.299974,
480.03,264.6,0.299675,
483.53,264.6,0.300156,
487.03,264.6,0.300436,
490.53,264.6,0.301197,
494.2,264.6,0.302325,
497.7,264.6,0.3036,
501.2,264.6,0.304863,
504.7,264.6,0.306216,
508.2,264.6,0.307436,
511.88,264.6,0.30869,
515.38,264.6,0.309974,
518.88,264.6,0.311062,
522.9,264.6,0.312599,
526.4,264.6,0.313369,
529.9,264.6,0.314534,
533.4,264.6,0.315442,
536.9,264.6,0.316317,
540.58,264.6,0.316897,
544.08,264.6,0.317479,
547.58,264.6,0.31787,
551.25,264.6,0.318209,
554.93,264.6,0.318911,
558.43,264.6,0.319398,
561.93,264.6,0.319306,
565.25,264.6,0.319762,
568.93,264.6,0.320097,
572.6,264.6,0.320489,
576.1,264.6,0.320791,
579.6,264.6,0.321305,
583.1,264.6,0.32202,
586.78,264.6,0.322306,
590.28,264.6,0.32308,
593.78,264.6,0.323591,
597.28,264.6,0.324182,
600.95,264.6,0.324518,
604.45,264.6,0.324802,
607.95,264.6,0.324826,
611.45,264.6,0.324916,
614.95,264.6,0.324946,
618.45,264.6,0.325304,
622.13,264.6,0.325365,
625.63,264.6,0.325683,
629.13,264.6,0.325615,
632.63,264.6,0.326385,
636.13,264.6,0.327226,
639.8,264.6,0.327938,
643.3,264.6,0.328375,
646.8,264.6,0.328933,
650.3,264.6,0.329321,
653.8,264.6,0.329743,
657.3,264.6,0.330221,
660.98,264.6,0.33047,
664.48,264.6,0.331049,
667.98,264.6,0.331669,
671.48,264.6,0.332319,
675.15,264.6,0.333341,
678.65,264.6,0.334278,
682.15,264.6,0.335375,
685.65,264.6,0.336536,
689.15,264.6,0.337756,
692.83,264.6,0.33832,
696.33,264.6,0.33881,
699.83,264.6,0.339561,
703.5,264.6,0.340522,
707,264.6,0.341693,
710.5,264.6,0.343098,
12.78,297.68,0.056438,
16.45,297.68,0.057039,
19.95,297.68,0.057655,
23.45,297.68,0.058382,
27.13,297.68,0.059127,
30.63,297.68,0.059442,
34.3,297.68,0.059491,
37.63,297.68,0.059556,
41.3,297.68,0.059503,
44.8,297.68,0.059235,
48.3,297.68,0.05909,
51.8,297.68,0.058748,
55.3,297.68,0.05841,
58.8,297.68,0.058098,
62.48,297.68,0.058055,
66.15,297.68,0.058009,
69.65,297.68,0.057556,
72.98,297.68,0.057214,
76.65,297.68,0.057109,
80.15,297.68,0.056835,
83.83,297.68,0.056829,
87.68,297.68,0.057165,
91.18,297.68,0.057211,
94.68,297.68,0.057624,
98.18,297.68,0.057991,
101.85,297.68,0.058333,
105.35,297.68,0.058644,
109.03,297.68,0.059161,
112.53,297.68,0.059103,
116.2,297.68,0.059084,
119.88,297.68,0.058748,
123.38,297.68,0.058718,
126.88,297.68,0.058745,
130.38,297.68,0.059127,
134.05,297.68,0.059516,
137.55,297.68,0.059531,
141.05,297.68,0.059466,
144.73,297.68,0.059032,
148.23,297.68,0.059013,
151.73,297.68,0.058804,
155.23,297.68,0.05824,
158.55,297.68,0.057978,
162.58,297.68,0.058009,
166.08,297.68,0.057997,
169.75,297.68,0.058557,
173.25,297.68,0.059241,
176.75,297.68,0.059479,
180.43,297.68,0.059457,
183.93,297.68,0.059916,
187.43,297.68,0.059768,
190.93,297.68,0.059934,
194.6,297.68,0.060239,
198.1,297.68,0.060162,
201.6,297.68,0.060024,
205.1,297.68,0.059543,
208.78,297.68,0.059192,
212.28,297.68,0.0584,
215.78,297.68,0.057575,
219.28,297.68,0.057223,
222.95,297.68,0.057242,
226.45,297.68,0.057488,
229.95,297.68,0.057914,
233.28,297.68,0.058336,
236.95,297.68,0.058751,
240.45,297.68,0.058693,
244.13,297.68,0.058795,
247.63,297.68,0.058336,
251.13,297.68,0.057692,
254.8,297.68,0.056761,
258.3,297.68,0.056065,
261.8,297.68,0.055119,
265.3,297.68,0.054235,
268.8,297.68,0.053197,
272.3,297.68,0.052279,
275.8,297.68,0.051124,
279.48,297.68,0.049694,
282.98,297.68,0.048009,
286.65,297.68,0.045951,
290.15,297.68,0.043748,
293.65,297.68,0.041145,
297.33,297.68,0.038046,
301,297.68,0.034485,
304.5,297.68,0.030772,
308,297.68,0.025825,
311.5,297.68,0.020079,
315.18,297.68,0.013742,
318.68,297.68,0.005754,
322.35,297.68,-0.003011,
325.85,297.68,-0.01224,
329.35,297.68,-0.021781,
332.85,297.68,-0.03119,
336.53,297.68,-0.039129,
340.03,297.68,-0.045204,
343.7,297.68,-0.047499,
347.2,297.68,-0.046051,
350.7,297.68,-0.039397,
354.38,297.68,-0.026898,
357.88,297.68,-0.007894,
361.38,297.68,0.01601,
364.88,297.68,0.043681,
368.55,297.68,0.074953,
372.05,297.68,0.108878,
375.55,297.68,0.140018,
379.05,297.68,0.169198,
382.73,297.68,0.195637,
386.23,297.68,0.216678,
389.73,297.68,0.232199,
393.23,297.68,0.242346,
396.9,297.68,0.247926,
400.4,297.68,0.248659,
403.9,297.68,0.246435,
407.4,297.68,0.240969,
410.9,297.68,0.233908,
414.4,297.68,0.22482,
417.9,297.68,0.215218,
421.4,297.68,0.205483,
425.08,297.68,0.195852,
428.58,297.68,0.186364,
432.25,297.68,0.17808,
435.75,297.68,0.170421,
439.08,297.68,0.163502,
442.4,297.68,0.15759,
446.25,297.68,0.152307,
449.75,297.68,0.147676,
453.25,297.68,0.144072,
456.93,297.68,0.14072,
460.43,297.68,0.138009,
463.93,297.68,0.135347,
467.43,297.68,0.133453,
471.1,297.68,0.132029,
474.6,297.68,0.13104,
478.1,297.68,0.130396,
481.6,297.68,0.129978,
485.28,297.68,0.129355,
488.78,297.68,0.128622,
492.28,297.68,0.128049,
495.78,297.68,0.127445,
499.45,297.68,0.126774,
502.95,297.68,0.126315,
506.45,297.68,0.125914,
510.13,297.68,0.125643,
513.63,297.68,0.125588,
517.13,297.68,0.125551,
520.8,297.68,0.125742,
524.3,297.68,0.126364,
527.8,297.68,0.126749,
531.3,297.68,0.127522,
534.8,297.68,0.128166,
538.48,297.68,0.12848,
541.98,297.68,0.128477,
545.48,297.68,0.128554,
549.15,297.68,0.128218,
552.65,297.68,0.127907,
556.33,297.68,0.127482,
559.83,297.68,0.127026,
563.33,297.68,0.126783,
567,297.68,0.126709,
570.5,297.68,0.127005,
574.18,297.68,0.127109,
577.68,297.68,0.127106,
581.35,297.68,0.126746,
584.85,297.68,0.126299,
588.35,297.68,0.12592,
591.85,297.68,0.125551,
595.35,297.68,0.125085,
598.85,297.68,0.124491,
602.53,297.68,0.123776,
606.03,297.68,0.122975,
609.53,297.68,0.122122,
613.03,297.68,0.12149,
616.7,297.68,0.121037,
620.2,297.68,0.120708,
623.18,297.68,0.120698,
627.2,297.68,0.120689,
630.7,297.68,0.120661,
634.38,297.68,0.120554,
637.88,297.68,0.120631,
641.38,297.68,0.120273,
644.88,297.68,0.119928,
648.38,297.68,0.119075,
651.88,297.68,0.118687,
655.38,297.68,0.118034,
659.05,297.68,0.117636,
662.55,297.68,0.117716,
666.05,297.68,0.117254,
669.55,297.68,0.116869,
673.23,297.68,0.116891,
676.73,297.68,0.116848,
680.23,297.68,0.116971,
683.38,297.68,0.116952,
687.23,297.68,0.117214,
690.73,297.68,0.117377,
694.23,297.68,0.117485,
697.9,297.68,0.117627,
701.4,297.68,0.117599,
704.9,297.68,0.118031,
708.4,297.68,0.118058,
12.6,330.75,0.063505,
16.1,330.75,0.063453,
19.78,330.75,0.063126,
23.45,330.75,0.063098,
26.95,330.75,0.063182,
30.45,330.75,0.063111,
34.3,330.75,0.063579,
37.63,330.75,0.063604,
41.3,330.75,0.063117,
44.8,330.75,0.062396,
48.3,330.75,0.061678,
51.98,330.75,0.061358,
55.48,330.75,0.060973,
58.98,330.75,0.060535,
62.65,330.75,0.060575,
66.15,330.75,0.0606,
69.65,330.75,0.060557,
73.33,330.75,0.060899,
76.83,330.75,0.061305,
79.8,330.75,0.06165,
84,330.75,0.061915,
87.5,330.75,0.06231,
91.18,330.75,0.062747,
94.68,330.75,0.063095,
98.35,330.75,0.063511,
101.85,330.75,0.06352,
105.35,330.75,0.063108,
109.03,330.75,0.062929,
112.53,330.75,0.062547,
116.03,330.75,0.062414,
119.53,330.75,0.062023,
123.03,330.75,0.061644,
126.53,330.75,0.061604,
130.2,330.75,0.061241,
133.7,330.75,0.061231,
137.38,330.75,0.061003,
140.7,330.75,0.060967,
144.73,330.75,0.060982,
148.23,330.75,0.060973,
151.9,330.75,0.060923,
155.4,330.75,0.060976,
159.08,330.75,0.061025,
162.58,330.75,0.060917,
166.08,330.75,0.060899,
169.75,330.75,0.060942,
173.25,330.75,0.061296,
176.93,330.75,0.061324,
180.43,330.75,0.061684,
183.93,330.75,0.061657,
187.43,330.75,0.06158,
190.93,330.75,0.061595,
194.6,330.75,0.06129,
198.28,330.75,0.061062,
201.6,330.75,0.060695,
205.28,330.75,0.060609,
208.78,330.75,0.060218,
212.28,330.75,0.060193,
215.43,330.75,0.060236,
219.45,330.75,0.060156,
223.13,330.75,0.06023,
226.63,330.75,0.060668,
230.3,330.75,0.060585,
233.8,330.75,0.060649,
237.48,330.75,0.06092,
240.98,330.75,0.060794,
244.48,330.75,0.06056,
248.15,330.75,0.060507,
251.83,330.75,0.060135,
255.33,330.75,0.059876,
259,330.75,0.058964,
262.5,330.75,0.057904,
266,330.75,0.056918,
269.68,330.75,0.056077,
273.18,330.75,0.055711,
276.68,330.75,0.054771,
280.18,330.75,0.053961,
283.68,330.75,0.052873,
287.35,330.75,0.052076,
290.5,330.75,0.051195,
294.53,330.75,0.050378,
298.03,330.75,0.049845,
301.7,330.75,0.049417,
305.2,330.75,0.049432,
308.88,330.75,0.049747,
312.38,330.75,0.049423,
315.88,330.75,0.04978,
319.55,330.75,0.04999,
323.05,330.75,0.050665,
326.73,330.75,0.051829,
330.23,330.75,0.053742,
333.73,330.75,0.056376,
337.23,330.75,0.060652,
340.73,330.75,0.066888,
344.4,330.75,0.074842,
348.08,330.75,0.085252,
351.4,330.75,0.098145,
355.08,330.75,0.113222,
358.75,330.75,0.130495,
362.25,330.75,0.148579,
365.93,330.75,0.167966,
369.43,330.75,0.186509,
373.1,330.75,0.203881,
376.6,330.75,0.218539,
380.1,330.75,0.229728,
383.6,330.75,0.236684,
387.1,330.75,0.239885,
390.6,330.75,0.239386,
394.28,330.75,0.235557,
397.95,330.75,0.228015,
401.63,330.75,0.218363,
405.13,330.75,0.207371,
408.63,330.75,0.195322,
412.3,330.75,0.181995,
415.8,330.75,0.16914,
419.48,330.75,0.157347,
422.98,330.75,0.146194,
426.48,330.75,0.136228,
429.98,330.75,0.127322,
433.65,330.75,0.119414,
437.15,330.75,0.112054,
440.65,330.75,0.106077,
444.15,330.75,0.100612,
447.83,330.75,0.095751,
451.15,330.75,0.092119,
454.83,330.75,0.088662,
458.5,330.75,0.085809,
462,330.75,0.083496,
465.68,330.75,0.081672,
469.35,330.75,0.080566,
472.85,330.75,0.079506,
476.53,330.75,0.078656,
480.03,330.75,0.077846,
483.53,330.75,0.077436,
487.03,330.75,0.077032,
490.53,330.75,0.076712,
494.2,330.75,0.076666,
497.7,330.75,0.076302,
501.2,330.75,0.075908,
504.88,330.75,0.075578,
508.38,330.75,0.075455,
511.88,330.75,0.075045,
515.38,330.75,0.074879,
519.05,330.75,0.074793,
522.55,330.75,0.074784,
526.05,330.75,0.07478,
529.73,330.75,0.075218,
533.23,330.75,0.075615,
536.73,330.75,0.075976,
540.23,330.75,0.076352,
544.08,330.75,0.076731,
548.1,330.75,0.077464,
551.6,330.75,0.077864,
555.28,330.75,0.078662,
558.78,330.75,0.079075,
562.63,330.75,0.079115,
566.3,330.75,0.079389,
569.8,330.75,0.079032,
573.48,330.75,0.078828,
576.98,330.75,0.07832,
580.48,330.75,0.077929,
584.15,330.75,0.077454,
587.65,330.75,0.076795,
591.15,330.75,0.076333,
594.65,330.75,0.075692,
598.33,330.75,0.075119,
601.83,330.75,0.074402,
605.33,330.75,0.073779,
608.83,330.75,0.073194,
612.33,330.75,0.072917,
616,330.75,0.072396,
619.5,330.75,0.071804,
623.35,330.75,0.071324,
626.85,330.75,0.07096,
630.53,330.75,0.07068,
634.03,330.75,0.07036,
637.53,330.75,0.070243,
641.2,330.75,0.070064,
644.7,330.75,0.069784,
648.38,330.75,0.070243,
652.05,330.75,0.070181,
655.73,330.75,0.070227,
659.23,330.75,0.070597,
662.73,330.75,0.070973,
666.23,330.75,0.070985,
669.73,330.75,0.070954,
673.4,330.75,0.070942,
676.9,330.75,0.070643,
680.4,330.75,0.070239,
683.9,330.75,0.070252,
687.4,330.75,0.069857,
691.08,330.75,0.069438,
694.58,330.75,0.068819,
698.08,330.75,0.068788,
701.75,330.75,0.06816,
705.43,330.75,0.068024,
708.93,330.75,0.067649,
11.55,363.83,0.0595,
15.05,363.83,0.059731,
18.73,363.83,0.059777,
22.4,363.83,0.059799,
26.08,363.83,0.059891,
30.28,363.83,0.059522,
33.95,363.83,0.059371,
37.28,363.83,0.05906,
40.95,363.83,0.059438,
44.63,363.83,0.060492,
48.13,363.83,0.061952,
51.8,363.83,0.063921,
55.3,363.83,0.065794,
58.8,363.83,0.067214,
62.48,363.83,0.068083,
65.98,363.83,0.068699,
69.48,363.83,0.068662,
72.98,363.83,0.068369,
76.65,363.83,0.068009,
80.15,363.83,0.067556,
83.48,363.83,0.067553,
87.15,363.83,0.066891,
91,363.83,0.066546,
94.68,363.83,0.065819,
98.18,363.83,0.065335,
101.68,363.83,0.064645,
105.35,363.83,0.063776,
108.85,363.83,0.062846,
112.53,363.83,0.06214,
115.85,363.83,0.061724,
119.53,363.83,0.060945,
123.03,363.83,0.060504,
126.53,363.83,0.060156,
130.2,363.83,0.060033,
133.53,363.83,0.059842,
137.03,363.83,0.059833,
140.7,363.83,0.059808,
144.2,363.83,0.059861,
147.7,363.83,0.059867,
151.38,363.83,0.059565,
154.88,363.83,0.059565,
158.38,363.83,0.059167,
162.05,363.83,0.058785,
165.55,363.83,0.058693,
169.05,363.83,0.058459,
172.55,363.83,0.058326,
176.23,363.83,0.058326,
179.73,363.83,0.058363,
183.23,363.83,0.058385,
186.73,363.83,0.058413,
190.4,363.83,0.058382,
193.9,363.83,0.058333,
197.4,363.83,0.058403,
201.08,363.83,0.058727,
204.58,363.83,0.058696,
208.08,363.83,0.058782,
211.58,363.83,0.05873,
215.25,363.83,0.059063,
218.75,363.83,0.059127,
222.25,363.83,0.059414,
225.93,363.83,0.059334,
229.25,363.83,0.059842,
232.93,363.83,0.059817,
236.43,363.83,0.060159,
240.1,363.83,0.060221,
243.6,363.83,0.060125,
247.1,363.83,0.060621,
250.78,363.83,0.060628,
254.45,363.83,0.060967,
258.13,363.83,0.060859,
261.63,363.83,0.060933,
265.13,363.83,0.060788,
268.98,363.83,0.060199,
272.48,363.83,0.059787,
276.15,363.83,0.059078,
279.65,363.83,0.058536,
283.5,363.83,0.057815,
287.18,363.83,0.05715,
290.68,363.83,0.056715,
294.18,363.83,0.056524,
297.85,363.83,0.056604,
301.35,363.83,0.056835,
304.85,363.83,0.057377,
308.35,363.83,0.058021,
312.03,363.83,0.058807,
315.53,363.83,0.059586,
319.03,363.83,0.060967,
322.53,363.83,0.062673,
326.2,363.83,0.064753,
329.7,363.83,0.066808,
333.2,363.83,0.068708,
336.88,363.83,0.070723,
340.55,363.83,0.073259,
344.23,363.83,0.075917,
347.73,363.83,0.078896,
351.23,363.83,0.081829,
354.73,363.83,0.084974,
358.4,363.83,0.088582,
361.9,363.83,0.092039,
365.4,363.83,0.094984,
369.08,363.83,0.098332,
372.58,363.83,0.101666,
376.08,363.83,0.104596,
379.58,363.83,0.107257,
383.08,363.83,0.108502,
386.75,363.83,0.109321,
390.25,363.83,0.109149,
393.75,363.83,0.108336,
397.25,363.83,0.107193,
400.93,363.83,0.105036,
404.6,363.83,0.102408,
408.1,363.83,0.099753,
411.6,363.83,0.09698,
415.1,363.83,0.0945,
418.6,363.83,0.091737,
422.28,363.83,0.0893,
425.78,363.83,0.086906,
429.45,363.83,0.085061,
433.13,363.83,0.083597,
436.63,363.83,0.082353,
440.13,363.83,0.081746,
443.63,363.83,0.080732,
447.48,363.83,0.079728,
450.98,363.83,0.078659,
454.48,363.83,0.077627,
458.15,363.83,0.076515,
461.65,363.83,0.075381,
465.33,363.83,0.074352,
468.83,363.83,0.07324,
472.33,363.83,0.072257,
475.83,363.83,0.071259,
479.33,363.83,0.070397,
483,363.83,0.069429,
486.5,363.83,0.068767,
490,363.83,0.068231,
493.5,363.83,0.067581,
497.18,363.83,0.066875,
500.68,363.83,0.066804,
504.35,363.83,0.066503,
507.85,363.83,0.06617,
511.35,363.83,0.066081,
514.85,363.83,0.065742,
518.35,363.83,0.065702,
521.85,363.83,0.065695,
525.53,363.83,0.066136,
529.03,363.83,0.066506,
532.53,363.83,0.066841,
536.03,363.83,0.06718,
539.7,363.83,0.067661,
543.38,363.83,0.06796,
546.88,363.83,0.067846,
550.38,363.83,0.067673,
553.88,363.83,0.067257,
557.55,363.83,0.067069,
561.05,363.83,0.066912,
564.73,363.83,0.066786,
568.4,363.83,0.06723,
571.9,363.83,0.067947,
575.4,363.83,0.068573,
579.08,363.83,0.068748,
582.75,363.83,0.069032,
586.43,363.83,0.069023,
589.93,363.83,0.068733,
593.43,363.83,0.068711,
597.1,363.83,0.068736,
600.78,363.83,0.068671,
604.28,363.83,0.068292,
607.78,363.83,0.068348,
611.63,363.83,0.068043,
615.3,363.83,0.067664,
618.8,363.83,0.06722,
622.3,363.83,0.066838,
625.8,363.83,0.066463,
629.48,363.83,0.066053,
632.98,363.83,0.065464,
636.65,363.83,0.064867,
640.15,363.83,0.064247,
643.65,363.83,0.063533,
647.15,363.83,0.062984,
650.65,363.83,0.062405,
654.15,363.83,0.062143,
657.83,363.83,0.061228,
661.5,363.83,0.06092,
665,363.83,0.060621,
668.5,363.83,0.060215,
672,363.83,0.060132,
675.68,363.83,0.060156,
679.18,363.83,0.059864,
682.68,363.83,0.059879,
686.18,363.83,0.059879,
689.85,363.83,0.059861,
693.35,363.83,0.059876,
696.85,363.83,0.05983,
700.53,363.83,0.059747,
704.03,363.83,0.059472,
707.53,363.83,0.059121,
711.2,363.83,0.058678,
12.78,397.08,0.06402,
16.28,397.08,0.064177,
20.13,397.08,0.064257,
23.63,397.08,0.064642,
27.13,397.08,0.064922,
30.8,397.08,0.064928,
34.3,397.08,0.065344,
37.98,397.08,0.065384,
41.48,397.08,0.065316,
44.98,397.08,0.065412,
48.48,397.08,0.065446,
52.15,397.08,0.065896,
55.65,397.08,0.067217,
59.15,397.08,0.069155,
62.65,397.08,0.072239,
66.15,397.08,0.07556,
69.65,397.08,0.078406,
73.15,397.08,0.080088,
76.83,397.08,0.080902,
80.5,397.08,0.081715,
84,397.08,0.082137,
87.5,397.08,0.083234,
91,397.08,0.084697,
94.68,397.08,0.086543,
98.35,397.08,0.088222,
102.03,397.08,0.089358,
105.53,397.08,0.08938,
109.2,397.08,0.088878,
112.7,397.08,0.087652,
116.38,397.08,0.086419,
120.05,397.08,0.08544,
123.55,397.08,0.084186,
127.05,397.08,0.082374,
130.55,397.08,0.080674,
134.23,397.08,0.078668,
137.73,397.08,0.076771,
141.23,397.08,0.075052,
144.9,397.08,0.073431,
148.4,397.08,0.071789,
152.08,397.08,0.070215,
155.58,397.08,0.068755,
159.25,397.08,0.067843,
162.75,397.08,0.066672,
166.25,397.08,0.065544,
169.75,397.08,0.064734,
173.6,397.08,0.063906,
177.1,397.08,0.063154,
180.6,397.08,0.062741,
183.58,397.08,0.062405,
187.78,397.08,0.062418,
191.28,397.08,0.062387,
194.95,397.08,0.062473,
198.45,397.08,0.06292,
202.13,397.08,0.063468,
205.63,397.08,0.063539,
209.13,397.08,0.063748,
212.8,397.08,0.06352,
216.3,397.08,0.063111,
219.8,397.08,0.062747,
223.3,397.08,0.06251,
226.98,397.08,0.062442,
230.48,397.08,0.062427,
233.98,397.08,0.062532,
237.65,397.08,0.062793,
241.15,397.08,0.063342,
245,397.08,0.064204,
248.68,397.08,0.065052,
252.18,397.08,0.065846,
255.68,397.08,0.066111,
259.88,397.08,0.066179,
263.38,397.08,0.065769,
266.88,397.08,0.0654,
270.55,397.08,0.064608,
273.88,397.08,0.063674,
277.73,397.08,0.063046,
281.23,397.08,0.062399,
284.73,397.08,0.062011,
288.4,397.08,0.061706,
291.9,397.08,0.060893,
295.4,397.08,0.060569,
299.08,397.08,0.060224,
302.58,397.08,0.06039,
306.08,397.08,0.060548,
309.58,397.08,0.061216,
313.08,397.08,0.061983,
316.75,397.08,0.063098,
320.25,397.08,0.064534,
323.75,397.08,0.065871,
327.25,397.08,0.066804,
330.93,397.08,0.067698,
334.08,397.08,0.06796,
338.1,397.08,0.068715,
341.78,397.08,0.069004,
345.28,397.08,0.069916,
348.95,397.08,0.070951,
352.8,397.08,0.071675,
356.3,397.08,0.072162,
359.98,397.08,0.072491,
363.48,397.08,0.072818,
367.15,397.08,0.073206,
370.65,397.08,0.073887,
374.15,397.08,0.074398,
377.65,397.08,0.074968,
381.15,397.08,0.075529,
384.83,397.08,0.076401,
388.33,397.08,0.077125,
391.83,397.08,0.077516,
395.33,397.08,0.077833,
399,397.08,0.077803,
402.5,397.08,0.077932,
406,397.08,0.077411,
409.68,397.08,0.0767,
413.35,397.08,0.075865,
417.03,397.08,0.074787,
420.53,397.08,0.073865,
424.03,397.08,0.072901,
427.53,397.08,0.072159,
431.2,397.08,0.071318,
434.7,397.08,0.071034,
438.2,397.08,0.070591,
441.88,397.08,0.070569,
445.38,397.08,0.070209,
448.88,397.08,0.070255,
452.38,397.08,0.07028,
456.05,397.08,0.070535,
459.55,397.08,0.070578,
463.05,397.08,0.070532,
466.55,397.08,0.070529,
470.4,397.08,0.070184,
473.9,397.08,0.070332,
477.4,397.08,0.070501,
481.08,397.08,0.070945,
484.75,397.08,0.071345,
488.43,397.08,0.071339,
491.93,397.08,0.07174,
495.6,397.08,0.071687,
499.45,397.08,0.072128,
502.95,397.08,0.071721,
506.45,397.08,0.071333,
510.13,397.08,0.070526,
514.15,397.08,0.070092,
517.65,397.08,0.069426,
521.15,397.08,0.068847,
524.65,397.08,0.068795,
528.33,397.08,0.067981,
531.83,397.08,0.0673,
535.33,397.08,0.066881,
539,397.08,0.066235,
542.5,397.08,0.06576,
546,397.08,0.065794,
549.68,397.08,0.065307,
553.18,397.08,0.065335,
556.68,397.08,0.06536,
560.18,397.08,0.065791,
563.68,397.08,0.066145,
567.18,397.08,0.066281,
570.85,397.08,0.066466,
574.53,397.08,0.06649,
578.03,397.08,0.066838,
581.7,397.08,0.066906,
585.38,397.08,0.066888,
588.88,397.08,0.066771,
592.38,397.08,0.066829,
596.05,397.08,0.066835,
599.55,397.08,0.066854,
603.05,397.08,0.066832,
606.55,397.08,0.067211,
610.05,397.08,0.067313,
613.73,397.08,0.067664,
617.05,397.08,0.068074,
620.73,397.08,0.067966,
624.23,397.08,0.067981,
627.9,397.08,0.067633,
631.4,397.08,0.066848,
634.73,397.08,0.066034,
638.4,397.08,0.0654,
642.08,397.08,0.064987,
645.58,397.08,0.0643,
648.9,397.08,0.064023,
652.58,397.08,0.063949,
656.25,397.08,0.063869,
659.75,397.08,0.063927,
663.25,397.08,0.063906,
666.75,397.08,0.06389,
670.25,397.08,0.063856,
673.75,397.08,0.063847,
677.43,397.08,0.063554,
680.75,397.08,0.063255,
684.6,397.08,0.062769,
688.1,397.08,0.062353,
691.6,397.08,0.062405,
695.1,397.08,0.062054,
698.78,397.08,0.061912,
702.1,397.08,0.061715,
705.78,397.08,0.061398,
709.45,397.08,0.061272,
12.6,430.33,0.066499,
16.1,430.33,0.066121,
19.95,430.33,0.066037,
23.45,430.33,0.065843,
27.13,430.33,0.065763,
30.45,430.33,0.066087,
34.13,430.33,0.066105,
37.8,430.33,0.066176,
41.3,430.33,0.06609,
44.8,430.33,0.066373,
48.3,430.33,0.067227,
51.8,430.33,0.068175,
55.48,430.33,0.068973,
58.98,430.33,0.070144,
62.48,430.33,0.071164,
65.98,430.33,0.07206,
69.65,430.33,0.072787,
73.15,430.33,0.073277,
76.65,430.33,0.074032,
80.33,430.33,0.074371,
83.83,430.33,0.074765,
87.33,430.33,0.075147,
90.83,430.33,0.075113,
94.33,430.33,0.075138,
98,430.33,0.075483,
101.5,430.33,0.075511,
105.35,430.33,0.075209,
109.03,430.33,0.074774,
112.53,430.33,0.07397,
116.2,430.33,0.073222,
120.05,430.33,0.072578,
123.55,430.33,0.072106,
127.05,430.33,0.071715,
130.73,430.33,0.071419,
134.4,430.33,0.07133,
137.9,430.33,0.070926,
141.58,430.33,0.070181,
145.08,430.33,0.069596,
148.58,430.33,0.069084,
152.08,430.33,0.068748,
155.58,430.33,0.068742,
159.25,430.33,0.068785,
162.75,430.33,0.068302,
166.25,430.33,0.068037,
169.75,430.33,0.06755,
173.25,430.33,0.067297,
176.93,430.33,0.067227,
180.43,430.33,0.06727,
183.93,430.33,0.06727,
187.43,430.33,0.067341,
191.1,430.33,0.067294,
194.6,430.33,0.067199,
198.1,430.33,0.06727,
201.6,430.33,0.067307,
205.28,430.33,0.067254,
208.78,430.33,0.067504,
212.28,430.33,0.067636,
215.78,430.33,0.067568,
219.28,430.33,0.067186,
222.95,430.33,0.066885,
226.45,430.33,0.066583,
229.95,430.33,0.066081,
233.63,430.33,0.065628,
237.13,430.33,0.065052,
240.63,430.33,0.064971,
244.3,430.33,0.06491,
247.8,430.33,0.064996,
251.3,430.33,0.065437,
255.33,430.33,0.066151,
259.18,430.33,0.066543,
262.68,430.33,0.066811,
266.35,430.33,0.066903,
269.85,430.33,0.066567,
273.35,430.33,0.06604,
276.85,430.33,0.065769,
280.35,430.33,0.065446,
283.85,430.33,0.064978,
287.53,430.33,0.065067,
291.03,430.33,0.064546,
294.53,430.33,0.064352,
298.03,430.33,0.064214,
301.53,430.33,0.064269,
305.03,430.33,0.0643,
308.53,430.33,0.064204,
312.2,430.33,0.064639,
315.35,430.33,0.064953,
319.38,430.33,0.065464,
322.88,430.33,0.066117,
326.38,430.33,0.066472,
330.05,430.33,0.06649,
333.55,430.33,0.066841,
337.05,430.33,0.066503,
340.55,430.33,0.066509,
344.05,430.33,0.066838,
347.73,430.33,0.066851,
351.23,430.33,0.067578,
354.73,430.33,0.068015,
358.4,430.33,0.068742,
361.73,430.33,0.068896,
365.4,430.33,0.069343,
368.9,430.33,0.070129,
372.4,430.33,0.07056,
375.9,430.33,0.070988,
379.58,430.33,0.071056,
383.08,430.33,0.071419,
386.75,430.33,0.071789,
390.25,430.33,0.072519,
393.75,430.33,0.072926,
397.25,430.33,0.073209,
400.93,430.33,0.074007,
404.43,430.33,0.074405,
407.93,430.33,0.074765,
411.43,430.33,0.075132,
415.1,430.33,0.075193,
418.6,430.33,0.074759,
422.1,430.33,0.074324,
425.78,430.33,0.074001,
429.28,430.33,0.073594,
432.95,430.33,0.073252,
436.45,430.33,0.072849,
440.13,430.33,0.072528,
443.63,430.33,0.072091,
447.13,430.33,0.071262,
451.15,430.33,0.070809,
454.65,430.33,0.070212,
458.15,430.33,0.06982,
461.65,430.33,0.069402,
465.85,430.33,0.06901,
469.35,430.33,0.068816,
472.85,430.33,0.068662,
476.53,430.33,0.068779,
480.2,430.33,0.068292,
483.88,430.33,0.067994,
487.38,430.33,0.067528,
491.05,430.33,0.067609,
494.55,430.33,0.067602,
498.05,430.33,0.067981,
501.73,430.33,0.067981,
505.23,430.33,0.068006,
508.73,430.33,0.068114,
512.23,430.33,0.068366,
515.9,430.33,0.068302,
519.4,430.33,0.067969,
522.9,430.33,0.068018,
526.4,430.33,0.067476,
529.9,430.33,0.067217,
533.58,430.33,0.066811,
537.08,430.33,0.066487,
540.58,430.33,0.066484,
544.08,430.33,0.066142,
547.75,430.33,0.066081,
551.25,430.33,0.06613,
554.75,430.33,0.066062,
558.43,430.33,0.066179,
561.93,430.33,0.065988,
565.6,430.33,0.066056,
569.1,430.33,0.066231,
572.6,430.33,0.066059,
575.75,430.33,0.066173,
579.78,430.33,0.066194,
583.28,430.33,0.06576,
586.95,430.33,0.065794,
590.45,430.33,0.065424,
594.13,430.33,0.065421,
597.63,430.33,0.065406,
601.13,430.33,0.065366,
604.63,430.33,0.065695,
608.3,430.33,0.066176,
611.63,430.33,0.066456,
615.13,430.33,0.066829,
618.8,430.33,0.067328,
622.3,430.33,0.067621,
625.98,430.33,0.068009,
629.48,430.33,0.067954,
632.98,430.33,0.067994,
636.48,430.33,0.068043,
639.98,430.33,0.068043,
643.48,430.33,0.068006,
647.15,430.33,0.067852,
650.65,430.33,0.067516,
654.15,430.33,0.067602,
657.65,430.33,0.067704,
661.33,430.33,0.068098,
664.83,430.33,0.068037,
668.33,430.33,0.068037,
672,430.33,0.068061,
674.8,430.33,0.068095,
679,430.33,0.06763,
682.68,430.33,0.067248,
686.18,430.33,0.066509,
689.68,430.33,0.065757,
693.18,430.33,0.065246,
696.85,430.33,0.064682,
700.18,430.33,0.064617,
703.85,430.33,0.064383,
707.53,430.33,0.064281,
711.03,430.33,0.064149,
12.78,463.4,0.070276,
16.28,463.4,0.070563,
19.6,463.4,0.070973,
23.28,463.4,0.071767,
26.78,463.4,0.0721,
30.45,463.4,0.072488,
34.13,463.4,0.073228,
37.63,463.4,0.073973,
41.3,463.4,0.075212,
44.8,463.4,0.076706,
48.3,463.4,0.077987,
51.98,463.4,0.079118,
55.48,463.4,0.079442,
59.15,463.4,0.079429,
62.65,463.4,0.078847,
66.15,463.4,0.078024,
69.83,463.4,0.0771,
73.33,463.4,0.076222,
76.83,463.4,0.075215,
80.33,463.4,0.074765,
84,463.4,0.075055,
87.5,463.4,0.075917,
91.18,463.4,0.076379,
94.68,463.4,0.076767,
98.35,463.4,0.077125,
101.85,463.4,0.077039,
105.53,463.4,0.077451,
109.03,463.4,0.077491,
112.53,463.4,0.077895,
116.2,463.4,0.078286,
119.7,463.4,0.078674,
123.2,463.4,0.079103,
126.88,463.4,0.079097,
130.55,463.4,0.079041,
134.05,463.4,0.078973,
137.55,463.4,0.07824,
141.23,463.4,0.077652,
144.73,463.4,0.077079,
148.23,463.4,0.076478,
151.73,463.4,0.075923,
155.4,463.4,0.075202,
158.73,463.4,0.074805,
162.58,463.4,0.074432,
166.08,463.4,0.074457,
169.75,463.4,0.074429,
173.25,463.4,0.073964,
176.93,463.4,0.073631,
180.43,463.4,0.073594,
184.1,463.4,0.073268,
187.6,463.4,0.073619,
191.1,463.4,0.074019,
194.78,463.4,0.073989,
198.28,463.4,0.0743,
201.95,463.4,0.074824,
205.45,463.4,0.075125,
208.95,463.4,0.075609,
212.45,463.4,0.075637,
216.13,463.4,0.075967,
219.45,463.4,0.075834,
223.13,463.4,0.075889,
226.8,463.4,0.075464,
230.3,463.4,0.074793,
233.98,463.4,0.073844,
237.48,463.4,0.072904,
240.98,463.4,0.071798,
244.48,463.4,0.070732,
248.15,463.4,0.069811,
251.83,463.4,0.06906,
255.15,463.4,0.068798,
258.83,463.4,0.068828,
262.33,463.4,0.068841,
266.18,463.4,0.068785,
270.03,463.4,0.068825,
273.53,463.4,0.068742,
277.2,463.4,0.068422,
280.88,463.4,0.067821,
284.38,463.4,0.067285,
287.88,463.4,0.066888,
291.38,463.4,0.066561,
294.88,463.4,0.066133,
298.55,463.4,0.066441,
302.05,463.4,0.06662,
305.73,463.4,0.067291,
309.23,463.4,0.067565,
312.73,463.4,0.068385,
316.4,463.4,0.068751,
319.9,463.4,0.069485,
323.4,463.4,0.069888,
327.08,463.4,0.070206,
330.58,463.4,0.069811,
334.08,463.4,0.069907,
337.58,463.4,0.069879,
341.6,463.4,0.069919,
345.1,463.4,0.070156,
348.78,463.4,0.070224,
352.28,463.4,0.070612,
355.78,463.4,0.070646,
359.28,463.4,0.070517,
362.78,463.4,0.070489,
366.45,463.4,0.070591,
369.95,463.4,0.070856,
373.63,463.4,0.070942,
377.3,463.4,0.071019,
380.63,463.4,0.070911,
384.3,463.4,0.071312,
387.8,463.4,0.071305,
391.3,463.4,0.071654,
394.8,463.4,0.071792,
398.48,463.4,0.071629,
401.98,463.4,0.071746,
405.48,463.4,0.071715,
408.98,463.4,0.072337,
412.65,463.4,0.07332,
416.15,463.4,0.074186,
419.65,463.4,0.07548,
423.33,463.4,0.076654,
426.83,463.4,0.077544,
430.33,463.4,0.077904,
433.83,463.4,0.077926,
437.5,463.4,0.077584,
440.83,463.4,0.077094,
444.5,463.4,0.076697,
448,463.4,0.075991,
451.68,463.4,0.075181,
455.35,463.4,0.074192,
458.85,463.4,0.073077,
462.53,463.4,0.071823,
466.03,463.4,0.070831,
469.7,463.4,0.069743,
473.2,463.4,0.069192,
476.88,463.4,0.068841,
480.55,463.4,0.068773,
484.05,463.4,0.068764,
487.73,463.4,0.06873,
491.4,463.4,0.068779,
494.9,463.4,0.068351,
498.4,463.4,0.068166,
501.9,463.4,0.068015,
505.58,463.4,0.067612,
509.08,463.4,0.067609,
512.75,463.4,0.067747,
516.25,463.4,0.068024,
519.75,463.4,0.068339,
523.43,463.4,0.068708,
526.93,463.4,0.068958,
530.43,463.4,0.069411,
534.1,463.4,0.070002,
537.25,463.4,0.070169,
541.1,463.4,0.070517,
544.78,463.4,0.070649,
548.28,463.4,0.070991,
551.78,463.4,0.071299,
555.45,463.4,0.07161,
559.13,463.4,0.072051,
562.45,463.4,0.072525,
566.13,463.4,0.072941,
569.63,463.4,0.072858,
573.3,463.4,0.072784,
576.8,463.4,0.072445,
580.3,463.4,0.072063,
583.8,463.4,0.071626,
587.48,463.4,0.071201,
590.98,463.4,0.070591,
594.48,463.4,0.069873,
598.33,463.4,0.069232,
601.83,463.4,0.068742,
605.33,463.4,0.068684,
608.83,463.4,0.068031,
612.5,463.4,0.067525,
615.83,463.4,0.06694,
619.5,463.4,0.066422,
623,463.4,0.066062,
626.5,463.4,0.066179,
629.83,463.4,0.066056,
633.68,463.4,0.065742,
637.18,463.4,0.066081,
640.85,463.4,0.066022,
644.18,463.4,0.066385,
648.03,463.4,0.066845,
651.53,463.4,0.067615,
655.03,463.4,0.068175,
658.7,463.4,0.06877,
662.2,463.4,0.068739,
665.7,463.4,0.068739,
669.38,463.4,0.068798,
672.88,463.4,0.067984,
676.38,463.4,0.067227,
679.88,463.4,0.06654,
683.55,463.4,0.065723,
687.05,463.4,0.065089,
690.38,463.4,0.064164,
694.4,463.4,0.063397,
697.9,463.4,0.063015,
701.4,463.4,0.062424,
704.9,463.4,0.062014,
708.58,463.4,0.0617,
12.78,496.48,0.071398,
16.28,496.48,0.071771,
19.95,496.48,0.07267,
23.8,496.48,0.074158,
27.3,496.48,0.075825,
30.8,496.48,0.077741,
34.48,496.48,0.079534,
37.98,496.48,0.081299,
41.3,496.48,0.082097,
44.98,496.48,0.083166,
48.48,496.48,0.083718,
51.98,496.48,0.083773,
55.65,496.48,0.083234,
59.15,496.48,0.082137,
62.83,496.48,0.081321,
66.33,496.48,0.080021,
70,496.48,0.078582,
73.5,496.48,0.077257,
77,496.48,0.076059,
80.5,496.48,0.074805,
84.35,496.48,0.073936,
87.85,496.48,0.073286,
91.53,496.48,0.072793,
95.38,496.48,0.07247,
99.05,496.48,0.072088,
102.55,496.48,0.071731,
106.05,496.48,0.071654,
109.55,496.48,0.071703,
113.4,496.48,0.072039,
117.08,496.48,0.072858,
120.58,496.48,0.073641,
124.08,496.48,0.074371,
128.63,496.48,0.075486,
132.13,496.48,0.075982,
135.63,496.48,0.07666,
139.3,496.48,0.077023,
142.98,496.48,0.077532,
146.65,496.48,0.077898,
150.15,496.48,0.077852,
153.65,496.48,0.078296,
157.85,496.48,0.078588,
161.35,496.48,0.079019,
165.03,496.48,0.079309,
168.53,496.48,0.079506,
172.03,496.48,0.079768,
175.7,496.48,0.079799,
179.2,496.48,0.08015,
182.7,496.48,0.080064,
186.2,496.48,0.080584,
189.7,496.48,0.080526,
193.2,496.48,0.080575,
196.7,496.48,0.080584,
200.2,496.48,0.080914,
203.88,496.48,0.080942,
207.38,496.48,0.080517,
210.88,496.48,0.08064,
214.38,496.48,0.080486,
217.7,496.48,0.079879,
221.73,496.48,0.079321,
225.23,496.48,0.078505,
228.9,496.48,0.077753,
232.23,496.48,0.077036,
235.9,496.48,0.076284,
239.4,496.48,0.075933,
243.08,496.48,0.075384,
246.58,496.48,0.07478,
250.25,496.48,0.074368,
253.75,496.48,0.073567,
257.25,496.48,0.073203,
260.75,496.48,0.072886,
264.25,496.48,0.072756,
267.75,496.48,0.072904,
271.25,496.48,0.072479,
274.93,496.48,0.072414,
278.25,496.48,0.0721,
281.93,496.48,0.071182,
285.43,496.48,0.070816,
288.93,496.48,0.070156,
292.43,496.48,0.069817,
296.1,496.48,0.069842,
299.6,496.48,0.06979,
303.1,496.48,0.069839,
306.6,496.48,0.070153,
310.28,496.48,0.070434,
313.78,496.48,0.070893,
317.28,496.48,0.07092,
320.78,496.48,0.070997,
324.28,496.48,0.070954,
327.95,496.48,0.070514,
331.45,496.48,0.070535,
334.95,496.48,0.070535,
338.8,496.48,0.071013,
342.3,496.48,0.07096,
345.98,496.48,0.071302,
349.3,496.48,0.071573,
353.33,496.48,0.071617,
356.83,496.48,0.072097,
360.33,496.48,0.072094,
363.83,496.48,0.072137,
367.85,496.48,0.072421,
371.35,496.48,0.072414,
375.03,496.48,0.072476,
378.53,496.48,0.072904,
382.38,496.48,0.072852,
385.88,496.48,0.072846,
389.38,496.48,0.072756,
393.05,496.48,0.072796,
396.73,496.48,0.072904,
400.23,496.48,0.072436,
403.9,496.48,0.07243,
407.4,496.48,0.072436,
410.9,496.48,0.072421,
414.4,496.48,0.072414,
417.9,496.48,0.072476,
421.58,496.48,0.072861,
425.08,496.48,0.072818,
428.58,496.48,0.073262,
432.08,496.48,0.074001,
435.75,496.48,0.074337,
439.25,496.48,0.074907,
442.75,496.48,0.075569,
446.25,496.48,0.076318,
449.75,496.48,0.077023,
453.25,496.48,0.077393,
456.93,496.48,0.077535,
460.43,496.48,0.077418,
464.1,496.48,0.077051,
467.6,496.48,0.076774,
471.1,496.48,0.076706,
474.78,496.48,0.076284,
478.28,496.48,0.075942,
481.78,496.48,0.075551,
485.45,496.48,0.074891,
488.95,496.48,0.07434,
492.45,496.48,0.073564,
495.95,496.48,0.073231,
499.63,496.48,0.072633,
503.48,496.48,0.072042,
506.98,496.48,0.071684,
510.65,496.48,0.071019,
514.15,496.48,0.070933,
517.65,496.48,0.070495,
521.15,496.48,0.070541,
524.65,496.48,0.070886,
528.33,496.48,0.071244,
531.83,496.48,0.071598,
535.33,496.48,0.072578,
539,496.48,0.073573,
542.5,496.48,0.074802,
545.65,496.48,0.075671,
549.5,496.48,0.076302,
553.18,496.48,0.076576,
556.68,496.48,0.076727,
560,496.48,0.077063,
563.68,496.48,0.077026,
567.18,496.48,0.076986,
570.85,496.48,0.077029,
574.35,496.48,0.07658,
577.85,496.48,0.076687,
581.35,496.48,0.076613,
585.03,496.48,0.076675,
588.53,496.48,0.077014,
592.03,496.48,0.077448,
595.7,496.48,0.077867,
599.2,496.48,0.077846,
602.88,496.48,0.077889,
606.55,496.48,0.077017,
610.05,496.48,0.075831,
613.55,496.48,0.074515,
617.05,496.48,0.073111,
620.55,496.48,0.071798,
624.23,496.48,0.070766,
627.9,496.48,0.069768,
631.4,496.48,0.068711,
634.9,496.48,0.068483,
638.58,496.48,0.068009,
642.08,496.48,0.067941,
645.58,496.48,0.067624,
649.08,496.48,0.067596,
652.75,496.48,0.067612,
656.25,496.48,0.067501,
659.93,496.48,0.067624,
663.25,496.48,0.067319,
666.93,496.48,0.067227,
670.43,496.48,0.066848,
673.93,496.48,0.066429,
677.6,496.48,0.066071,
680.4,496.48,0.06609,
684.78,496.48,0.066268,
688.28,496.48,0.066472,
691.78,496.48,0.066453,
695.45,496.48,0.066487,
698.95,496.48,0.06621,
702.45,496.48,0.065942,
706.13,496.48,0.065366,
709.98,496.48,0.065233,
12.78,529.55,0.082119,
16.45,529.55,0.084019,
19.95,529.55,0.086016,
23.45,529.55,0.087716,
26.95,529.55,0.088613,
30.63,529.55,0.08905,
34.13,529.55,0.088856,
37.8,529.55,0.088237,
41.48,529.55,0.087085,
44.98,529.55,0.085812,
48.48,529.55,0.08413,
52.15,529.55,0.082636,
55.65,529.55,0.08113,
59.15,529.55,0.079315,
62.83,529.55,0.077273,
66.33,529.55,0.075711,
69.83,529.55,0.074374,
73.33,529.55,0.073175,
77,529.55,0.072245,
80.5,529.55,0.071312,
84,529.55,0.070511,
87.5,529.55,0.069762,
91.18,529.55,0.069331,
94.68,529.55,0.069411,
98.18,529.55,0.069784,
101.68,529.55,0.070196,
105.18,529.55,0.070187,
108.68,529.55,0.070129,
112.35,529.55,0.07039,
115.85,529.55,0.070594,
119.35,529.55,0.07048,
123.03,529.55,0.070575,
126.7,529.55,0.07096,
130.2,529.55,0.070889,
133.88,529.55,0.07125,
137.55,529.55,0.071466,
141.05,529.55,0.071684,
144.55,529.55,0.07206,
148.23,529.55,0.072002,
151.73,529.55,0.0721,
155.23,529.55,0.072418,
158.9,529.55,0.072418,
162.4,529.55,0.072491,
165.9,529.55,0.07243,
169.58,529.55,0.072451,
173.08,529.55,0.072365,
176.58,529.55,0.072837,
180.08,529.55,0.072966,
183.75,529.55,0.073382,
187.08,529.55,0.073684,
190.58,529.55,0.073989,
194.25,529.55,0.073939,
197.75,529.55,0.073576,
201.25,529.55,0.073185,
204.75,529.55,0.07243,
208.43,529.55,0.071629,
211.93,529.55,0.070865,
215.43,529.55,0.070871,
218.93,529.55,0.070846,
222.43,529.55,0.070893,
226.28,529.55,0.071293,
229.78,529.55,0.0719,
233.45,529.55,0.072568,
236.95,529.55,0.073259,
240.63,529.55,0.073902,
244.13,529.55,0.074324,
247.63,529.55,0.07442,
251.13,529.55,0.074001,
254.8,529.55,0.073989,
258.3,529.55,0.073379,
261.8,529.55,0.072855,
265.13,529.55,0.072032,
268.8,529.55,0.071761,
272.3,529.55,0.071324,
275.98,529.55,0.070899,
278.95,529.55,0.070889,
282.98,529.55,0.070569,
286.65,529.55,0.070551,
290.15,529.55,0.070504,
293.65,529.55,0.070332,
297.15,529.55,0.070199,
300.83,529.55,0.069907,
304.33,529.55,0.069851,
307.83,529.55,0.069836,
311.5,529.55,0.06982,
315,529.55,0.069802,
318.5,529.55,0.069392,
322.18,529.55,0.069087,
325.68,529.55,0.068967,
329.18,529.55,0.068835,
332.68,529.55,0.069081,
336.35,529.55,0.069824,
339.85,529.55,0.07056,
343.35,529.55,0.07125,
347.03,529.55,0.072122,
350.53,529.55,0.072652,
354.03,529.55,0.073259,
357.7,529.55,0.073705,
361.2,529.55,0.073933,
364.7,529.55,0.074063,
368.2,529.55,0.073939,
371.7,529.55,0.07349,
375.2,529.55,0.073237,
378.88,529.55,0.07247,
382.38,529.55,0.071777,
385.88,529.55,0.071102,
389.38,529.55,0.070517,
393.05,529.55,0.070236,
396.55,529.55,0.070125,
400.05,529.55,0.070169,
403.55,529.55,0.069811,
407.23,529.55,0.069802,
410.73,529.55,0.069891,
414.4,529.55,0.06987,
417.9,529.55,0.069916,
421.58,529.55,0.069857,
425.08,529.55,0.069811,
428.58,529.55,0.069824,
432.08,529.55,0.069069,
435.75,529.55,0.068739,
439.25,529.55,0.068773,
442.93,529.55,0.068656,
446.43,529.55,0.069109,
449.93,529.55,0.069876,
453.6,529.55,0.070507,
457.1,529.55,0.071265,
460.6,529.55,0.07226,
464.28,529.55,0.073175,
467.78,529.55,0.0743,
471.28,529.55,0.075172,
474.43,529.55,0.075649,
478.28,529.55,0.076299,
481.78,529.55,0.076703,
485.45,529.55,0.077023,
488.95,529.55,0.077094,
492.63,529.55,0.077042,
496.13,529.55,0.076694,
499.63,529.55,0.076342,
503.13,529.55,0.075942,
506.8,529.55,0.075788,
510.3,529.55,0.075551,
513.8,529.55,0.075471,
517.3,529.55,0.075529,
521.15,529.55,0.075483,
524.65,529.55,0.075501,
528.33,529.55,0.075541,
531.83,529.55,0.075584,
535.33,529.55,0.075184,
538.83,529.55,0.07483,
542.5,529.55,0.074402,
546.18,529.55,0.073742,
549.85,529.55,0.073243,
553.53,529.55,0.072858,
557.03,529.55,0.072439,
560.53,529.55,0.07247,
564.03,529.55,0.072488,
567.7,529.55,0.072473,
571.2,529.55,0.072445,
574.88,529.55,0.072069,
578.38,529.55,0.072411,
581.88,529.55,0.072461,
585.38,529.55,0.072886,
589.05,529.55,0.073548,
592.55,529.55,0.074226,
596.05,529.55,0.074965,
599.73,529.55,0.075609,
603.23,529.55,0.076312,
606.9,529.55,0.077091,
610.4,529.55,0.077504,
613.9,529.55,0.07783,
617.4,529.55,0.07792,
621.08,529.55,0.07792,
624.58,529.55,0.077165,
628.08,529.55,0.076318,
631.58,529.55,0.075067,
635.25,529.55,0.073859,
638.75,529.55,0.072525,
642.43,529.55,0.071275,
646.1,529.55,0.070458,
649.6,529.55,0.069827,
653.1,529.55,0.069115,
656.78,529.55,0.069075,
660.28,529.55,0.068832,
663.78,529.55,0.06873,
667.28,529.55,0.068764,
670.95,529.55,0.068816,
674.45,529.55,0.068983,
677.95,529.55,0.069038,
681.45,529.55,0.069426,
684.95,529.55,0.069824,
688.63,529.55,0.070224,
692.13,529.55,0.070886,
695.63,529.55,0.071275,
699.13,529.55,0.071281,
702.8,529.55,0.071281,
706.3,529.55,0.071333,
709.8,529.55,0.070936,
12.78,562.63,0.079035,
16.28,562.63,0.079097,
19.95,562.63,0.079463,
23.45,562.63,0.079411,
26.95,562.63,0.079432,
30.28,562.63,0.079777,
33.78,562.63,0.080631,
37.63,562.63,0.081321,
40.95,562.63,0.081817,
44.8,562.63,0.081767,
48.3,562.63,0.081743,
51.63,562.63,0.081687,
55.3,562.63,0.080871,
58.8,562.63,0.079934,
62.3,562.63,0.079023,
65.98,562.63,0.077843,
69.48,562.63,0.077008,
72.98,562.63,0.076219,
76.48,562.63,0.075517,
79.98,562.63,0.075159,
83.48,562.63,0.074747,
87.15,562.63,0.074833,
90.65,562.63,0.074352,
94.15,562.63,0.074346,
97.83,562.63,0.07409,
101.33,562.63,0.074044,
104.83,562.63,0.074405,
108.33,562.63,0.074814,
111.83,562.63,0.074833,
115.5,562.63,0.074808,
119,562.63,0.074479,
122.5,562.63,0.073979,
126,562.63,0.073619,
129.68,562.63,0.073637,
133.18,562.63,0.073305,
136.68,562.63,0.073554,
140,562.63,0.073582,
143.68,562.63,0.073708,
147.18,562.63,0.074066,
150.68,562.63,0.073973,
154.18,562.63,0.074044,
157.68,562.63,0.074355,
161.35,562.63,0.074731,
164.85,562.63,0.074697,
168.35,562.63,0.075184,
172.03,562.63,0.075184,
175.53,562.63,0.075144,
179.03,562.63,0.075178,
182.7,562.63,0.074753,
186.2,562.63,0.074297,
189.7,562.63,0.074072,
193.2,562.63,0.073634,
196.7,562.63,0.073262,
200.38,562.63,0.073283,
204.05,562.63,0.073135,
207.55,562.63,0.072932,
211.05,562.63,0.072803,
214.55,562.63,0.072972,
218.23,562.63,0.07292,
221.73,562.63,0.07288,
225.23,562.63,0.072867,
228.73,562.63,0.073246,
232.23,562.63,0.073582,
235.73,562.63,0.074408,
239.23,562.63,0.075387,
243.08,562.63,0.076564,
246.75,562.63,0.077507,
250.25,562.63,0.078283,
253.93,562.63,0.078671,
257.43,562.63,0.078653,
261.1,562.63,0.07808,
264.6,562.63,0.077344,
268.1,562.63,0.076222,
271.78,562.63,0.075612,
275.28,562.63,0.07474,
278.95,562.63,0.074426,
282.45,562.63,0.074352,
285.95,562.63,0.074703,
289.45,562.63,0.074771,
292.95,562.63,0.074645,
296.45,562.63,0.074371,
300.13,562.63,0.074398,
303.63,562.63,0.074346,
307.13,562.63,0.074358,
310.63,562.63,0.074734,
314.3,562.63,0.074442,
317.8,562.63,0.073976,
321.48,562.63,0.073314,
324.98,562.63,0.072849,
328.65,562.63,0.072507,
332.15,562.63,0.072461,
335.83,562.63,0.072883,
339.33,562.63,0.073601,
342.83,562.63,0.074725,
346.68,562.63,0.076231,
350.18,562.63,0.077735,
353.68,562.63,0.078992,
357.18,562.63,0.08044,
361.2,562.63,0.081712,
364.88,562.63,0.082411,
368.38,562.63,0.082849,
371.88,562.63,0.082756,
376.25,562.63,0.082476,
379.93,562.63,0.081721,
383.43,562.63,0.080828,
386.93,562.63,0.07946,
391.13,562.63,0.077849,
394.8,562.63,0.076518,
398.3,562.63,0.075418,
401.8,562.63,0.074377,
406.18,562.63,0.073594,
409.68,562.63,0.073037,
413.18,562.63,0.072886,
416.68,562.63,0.072491,
420.35,562.63,0.072399,
424.03,562.63,0.072091,
427.53,562.63,0.072014,
431.03,562.63,0.072094,
434.53,562.63,0.072023,
438.03,562.63,0.071712,
441.7,562.63,0.071687,
445.2,562.63,0.072057,
448.7,562.63,0.072109,
452.38,562.63,0.072103,
455.88,562.63,0.072485,
459.38,562.63,0.072723,
462.88,562.63,0.072815,
466.55,562.63,0.073191,
470.05,562.63,0.073283,
473.73,562.63,0.073246,
477.23,562.63,0.073567,
480.73,562.63,0.073955,
484.23,562.63,0.074796,
487.9,562.63,0.075551,
491.4,562.63,0.076253,
495.6,562.63,0.07706,
499.1,562.63,0.077889,
502.78,562.63,0.078225,
506.28,562.63,0.078742,
509.78,562.63,0.078684,
513.28,562.63,0.078308,
516.95,562.63,0.077898,
520.45,562.63,0.077495,
524.13,562.63,0.076946,
527.63,562.63,0.07637,
531.13,562.63,0.075812,
534.63,562.63,0.075492,
538.3,562.63,0.075129,
541.8,562.63,0.074753,
545.3,562.63,0.074288,
548.8,562.63,0.073678,
552.3,562.63,0.073212,
555.8,562.63,0.072941,
559.48,562.63,0.072883,
562.98,562.63,0.072451,
566.48,562.63,0.072491,
569.98,562.63,0.072359,
573.65,562.63,0.072091,
577.15,562.63,0.072066,
580.65,562.63,0.072048,
584.15,562.63,0.072094,
587.83,562.63,0.071995,
591.33,562.63,0.071681,
594.83,562.63,0.071706,
598.33,562.63,0.07162,
601.83,562.63,0.071749,
605.5,562.63,0.071666,
609,562.63,0.071364,
612.5,562.63,0.071305,
616,562.63,0.071321,
619.68,562.63,0.071302,
623,562.63,0.071684,
626.68,562.63,0.0721,
630.18,562.63,0.072904,
633.68,562.63,0.073545,
637.35,562.63,0.074549,
640.85,562.63,0.075575,
644.18,562.63,0.076281,
647.85,562.63,0.076958,
651.53,562.63,0.077929,
655.03,562.63,0.078942,
658.53,562.63,0.07946,
662.03,562.63,0.080042,
665.53,562.63,0.08019,
669.2,562.63,0.080603,
672.7,562.63,0.080215,
676.2,562.63,0.080218,
679.7,562.63,0.080212,
683.38,562.63,0.079867,
686.88,562.63,0.079814,
690.38,562.63,0.079907,
694.05,562.63,0.079408,
697.38,562.63,0.079007,
700.88,562.63,0.078212,
704.38,562.63,0.077488,
708.05,562.63,0.076447,
12.6,595.7,0.083314,
16.1,595.7,0.083782,
19.95,595.7,0.084457,
23.63,595.7,0.084891,
27.13,595.7,0.085495,
30.63,595.7,0.085628,
34.13,595.7,0.085591,
37.28,595.7,0.085295,
41.3,595.7,0.084737,
44.8,595.7,0.083933,
48.48,595.7,0.082957,
51.8,595.7,0.081755,
55.48,595.7,0.081056,
59.15,595.7,0.080196,
62.65,595.7,0.079651,
66.15,595.7,0.079223,
69.83,595.7,0.078721,
73.33,595.7,0.078286,
76.83,595.7,0.077932,
80.5,595.7,0.077482,
83.3,595.7,0.077516,
87.5,595.7,0.077057,
91,595.7,0.077088,
94.5,595.7,0.07714,
97.83,595.7,0.077149,
101.68,595.7,0.076703,
105.35,595.7,0.076712,
108.85,595.7,0.07678,
112.35,595.7,0.0767,
115.85,595.7,0.077143,
119,595.7,0.077153,
122.85,595.7,0.076746,
126.53,595.7,0.076764,
130.03,595.7,0.076302,
133.53,595.7,0.075865,
137.2,595.7,0.07592,
140.7,595.7,0.075985,
143.85,595.7,0.075886,
147.88,595.7,0.075923,
151.55,595.7,0.075886,
155.05,595.7,0.075649,
158.73,595.7,0.075504,
162.23,595.7,0.075606,
165.73,595.7,0.075467,
169.4,595.7,0.07588,
172.9,595.7,0.076074,
176.4,595.7,0.075957,
179.9,595.7,0.075967,
183.4,595.7,0.075963,
187.08,595.7,0.076345,
190.58,595.7,0.076398,
194.25,595.7,0.076358,
197.75,595.7,0.076268,
201.25,595.7,0.075976,
204.75,595.7,0.075551,
208.43,595.7,0.075184,
211.93,595.7,0.074827,
215.43,595.7,0.074879,
219.28,595.7,0.074719,
222.78,595.7,0.07474,
226.28,595.7,0.074371,
229.95,595.7,0.074417,
233.63,595.7,0.073983,
237.13,595.7,0.074032,
240.63,595.7,0.074383,
244.13,595.7,0.074913,
247.63,595.7,0.075625,
251.3,595.7,0.076678,
254.8,595.7,0.077858,
258.3,595.7,0.078631,
261.8,595.7,0.079408,
265.48,595.7,0.079817,
268.98,595.7,0.079864,
272.48,595.7,0.079799,
276.15,595.7,0.079438,
279.83,595.7,0.079084,
283.33,595.7,0.07861,
287,595.7,0.078228,
290.5,595.7,0.077889,
294.18,595.7,0.077519,
297.68,595.7,0.077362,
301.18,595.7,0.077692,
304.68,595.7,0.077833,
308.18,595.7,0.077849,
311.85,595.7,0.077553,
315.35,595.7,0.077076,
318.85,595.7,0.076712,
322.53,595.7,0.076644,
326.03,595.7,0.076681,
329.53,595.7,0.077017,
333.03,595.7,0.077954,
336.53,595.7,0.079019,
340.2,595.7,0.079901,
343.7,595.7,0.080397,
347.2,595.7,0.080671,
350.88,595.7,0.080575,
354.38,595.7,0.080541,
357.88,595.7,0.080529,
361.38,595.7,0.080634,
365.05,595.7,0.080966,
368.38,595.7,0.081595,
372.05,595.7,0.081965,
375.73,595.7,0.082448,
379.23,595.7,0.082889,
382.9,595.7,0.082901,
386.4,595.7,0.082692,
389.9,595.7,0.082165,
393.4,595.7,0.081777,
397.08,595.7,0.080976,
400.58,595.7,0.080015,
404.25,595.7,0.07922,
407.75,595.7,0.078551,
411.25,595.7,0.077917,
414.75,595.7,0.077491,
418.43,595.7,0.077168,
421.93,595.7,0.076657,
425.43,595.7,0.075963,
429.1,595.7,0.075566,
432.6,595.7,0.075122,
436.1,595.7,0.074771,
439.6,595.7,0.074814,
443.1,595.7,0.074694,
446.78,595.7,0.074848,
450.28,595.7,0.07478,
453.78,595.7,0.075141,
457.28,595.7,0.074734,
460.95,595.7,0.074725,
464.45,595.7,0.074593,
467.95,595.7,0.074402,
471.45,595.7,0.074001,
475.13,595.7,0.073958,
478.63,595.7,0.07393,
482.13,595.7,0.073613,
485.63,595.7,0.073961,
489.13,595.7,0.074078,
492.8,595.7,0.073986,
496.48,595.7,0.074035,
499.98,595.7,0.074032,
503.48,595.7,0.073733,
506.98,595.7,0.073336,
510.65,595.7,0.072883,
514.15,595.7,0.072889,
517.65,595.7,0.072436,
520.8,595.7,0.072491,
524.83,595.7,0.072565,
528.33,595.7,0.072846,
531.83,595.7,0.072904,
535.5,595.7,0.07295,
539,595.7,0.072852,
542.5,595.7,0.073286,
546.18,595.7,0.073228,
549.68,595.7,0.073696,
553.18,595.7,0.073597,
556.68,595.7,0.073681,
560.35,595.7,0.073631,
564.03,595.7,0.073628,
567.53,595.7,0.073641,
571.03,595.7,0.073678,
574.53,595.7,0.073662,
578.03,595.7,0.073656,
581.7,595.7,0.073637,
585.2,595.7,0.073576,
588.88,595.7,0.073576,
592.38,595.7,0.073644,
595.88,595.7,0.073619,
599.55,595.7,0.074158,
603.23,595.7,0.074016,
606.73,595.7,0.073995,
610.23,595.7,0.074097,
613.73,595.7,0.073622,
617.4,595.7,0.073604,
620.9,595.7,0.073668,
624.05,595.7,0.07365,
627.9,595.7,0.073647,
631.58,595.7,0.073613,
635.08,595.7,0.073755,
638.58,595.7,0.073576,
642.08,595.7,0.073939,
645.58,595.7,0.074106,
649.08,595.7,0.07474,
652.75,595.7,0.075175,
656.25,595.7,0.075649,
659.75,595.7,0.076111,
663.43,595.7,0.07633,
666.93,595.7,0.076308,
670.6,595.7,0.07629,
674.1,595.7,0.075963,
677.78,595.7,0.075726,
681.28,595.7,0.075243,
684.78,595.7,0.074765,
688.45,595.7,0.074183,
691.95,595.7,0.073613,
695.45,595.7,0.073212,
698.95,595.7,0.072898,
702.63,595.7,0.072408,
706.13,595.7,0.071706,
709.63,595.7,0.071016,
11.73,628.77,0.08596,
15.58,628.77,0.086065,
19.43,628.77,0.085883,
22.93,628.77,0.086016,
26.43,628.77,0.086299,
30.63,628.77,0.086774,
34.13,628.77,0.086718,
37.63,628.77,0.086687,
41.3,628.77,0.086,
44.8,628.77,0.085563,
48.48,628.77,0.084793,
51.98,628.77,0.083893,
55.48,628.77,0.082898,
58.98,628.77,0.082146,
62.65,628.77,0.081681,
66.15,628.77,0.081019,
69.83,628.77,0.080625,
73.33,628.77,0.080393,
77,628.77,0.080264,
80.5,628.77,0.080603,
84,628.77,0.080963,
87.5,628.77,0.080936,
91.18,628.77,0.081395,
94.68,628.77,0.081302,
98.18,628.77,0.080997,
101.85,628.77,0.081037,
105.18,628.77,0.0806,
108.85,628.77,0.080507,
112.35,628.77,0.080018,
116.03,628.77,0.079429,
119.7,628.77,0.079454,
123.2,628.77,0.079417,
126.88,628.77,0.079864,
130.38,628.77,0.080122,
133.88,628.77,0.08068,
137.38,628.77,0.080905,
141.05,628.77,0.080846,
144.55,628.77,0.080535,
148.05,628.77,0.080138,
151.55,628.77,0.079762,
155.23,628.77,0.07942,
158.73,628.77,0.078761,
162.4,628.77,0.078351,
165.9,628.77,0.078329,
169.4,628.77,0.077766,
172.9,628.77,0.077396,
176.58,628.77,0.077753,
180.08,628.77,0.07779,
183.58,628.77,0.078283,
187.08,628.77,0.07869,
190.75,628.77,0.079438,
194.25,628.77,0.080039,
197.75,628.77,0.080572,
201.25,628.77,0.08137,
204.93,628.77,0.081681,
208.25,628.77,0.081675,
211.93,628.77,0.082082,
215.43,628.77,0.082023,
218.93,628.77,0.081758,
222.6,628.77,0.0817,
226.1,628.77,0.081321,
229.78,628.77,0.080871,
233.28,628.77,0.080618,
236.78,628.77,0.080606,
240.28,628.77,0.080631,
243.78,628.77,0.080591,
247.45,628.77,0.080933,
250.95,628.77,0.081336,
254.45,628.77,0.081749,
257.95,628.77,0.082165,
261.63,628.77,0.082507,
265.13,628.77,0.082846,
268.63,628.77,0.083,
272.13,628.77,0.082402,
275.8,628.77,0.08182,
279.13,628.77,0.08157,
282.8,628.77,0.080708,
286.3,628.77,0.079833,
289.8,628.77,0.079201,
293.48,628.77,0.078699,
296.98,628.77,0.078674,
300.48,628.77,0.0782,
303.98,628.77,0.07824,
307.48,628.77,0.078225,
311.15,628.77,0.078252,
314.65,628.77,0.078212,
318.15,628.77,0.078597,
321.83,628.77,0.079192,
325.33,628.77,0.079824,
328.83,628.77,0.080584,
332.33,628.77,0.081401,
335.83,628.77,0.0817,
339.33,628.77,0.081669,
342.83,628.77,0.081678,
346.33,628.77,0.081798,
350,628.77,0.081761,
353.5,628.77,0.08169,
357,628.77,0.081718,
360.5,628.77,0.081635,
364.18,628.77,0.081727,
367.68,628.77,0.081746,
371.35,628.77,0.08182,
374.85,628.77,0.082461,
378.35,628.77,0.082929,
382.03,628.77,0.084075,
385.53,628.77,0.085261,
389.03,628.77,0.086222,
392.53,628.77,0.08723,
396.2,628.77,0.087464,
399.7,628.77,0.08739,
403.2,628.77,0.087421,
406.7,628.77,0.086694,
410.2,628.77,0.085735,
413.88,628.77,0.084509,
417.38,628.77,0.083283,
420.88,628.77,0.082103,
424.38,628.77,0.081312,
427.88,628.77,0.08056,
431.38,628.77,0.079827,
435.05,628.77,0.079894,
438.55,628.77,0.079716,
442.23,628.77,0.079768,
445.73,628.77,0.079836,
449.23,628.77,0.080215,
452.73,628.77,0.080224,
456.4,628.77,0.079824,
459.9,628.77,0.079802,
463.4,628.77,0.079719,
465.85,628.77,0.079361,
470.4,628.77,0.079488,
474.08,628.77,0.079494,
477.58,628.77,0.079374,
481.08,628.77,0.079445,
484.58,628.77,0.078949,
488.25,628.77,0.078579,
491.93,628.77,0.077914,
495.6,628.77,0.077411,
499.1,628.77,0.076771,
502.6,628.77,0.076315,
506.28,628.77,0.075979,
509.78,628.77,0.075588,
513.45,628.77,0.075507,
516.95,628.77,0.075548,
520.45,628.77,0.075954,
524.13,628.77,0.075997,
527.63,628.77,0.076056,
531.13,628.77,0.076278,
534.8,628.77,0.076626,
538.3,628.77,0.077051,
541.98,628.77,0.077451,
545.48,628.77,0.077464,
548.98,628.77,0.077393,
552.65,628.77,0.077886,
556.15,628.77,0.077849,
559.65,628.77,0.077846,
563.15,628.77,0.077935,
566.65,628.77,0.078265,
570.33,628.77,0.078369,
573.83,628.77,0.07881,
577.33,628.77,0.079149,
580.83,628.77,0.079386,
584.5,628.77,0.079827,
588,628.77,0.079756,
591.5,628.77,0.079451,
595.18,628.77,0.079469,
598.68,628.77,0.07909,
602.18,628.77,0.078573,
605.68,628.77,0.07828,
609.35,628.77,0.078228,
612.85,628.77,0.077821,
616.35,628.77,0.077424,
619.85,628.77,0.077082,
623.35,628.77,0.076678,
627.03,628.77,0.076327,
630.53,628.77,0.076284,
634.03,628.77,0.075951,
637.7,628.77,0.07588,
641.2,628.77,0.075455,
644.88,628.77,0.075116,
648.38,628.77,0.075119,
652.05,628.77,0.075141,
655.55,628.77,0.075153,
659.05,628.77,0.075483,
662.55,628.77,0.075132,
666.05,628.77,0.075119,
669.55,628.77,0.074694,
673.05,628.77,0.074765,
676.55,628.77,0.07483,
680.23,628.77,0.074472,
683.73,628.77,0.074158,
687.23,628.77,0.073616,
690.73,628.77,0.073197,
694.23,628.77,0.072673,
697.73,628.77,0.072451,
701.4,628.77,0.072553,
704.9,628.77,0.072439,
708.4,628.77,0.072513,
12.78,662.02,0.089491,
16.28,662.02,0.089901,
19.78,662.02,0.090221,
23.45,662.02,0.090227,
26.95,662.02,0.089737,
30.45,662.02,0.088832,
34.13,662.02,0.08787,
37.63,662.02,0.086912,
41.13,662.02,0.086007,
44.63,662.02,0.085366,
48.3,662.02,0.084737,
51.8,662.02,0.084001,
55.3,662.02,0.083222,
58.8,662.02,0.082923,
62.3,662.02,0.082467,
65.8,662.02,0.082106,
69.48,662.02,0.082146,
72.98,662.02,0.082076,
76.48,662.02,0.081811,
79.98,662.02,0.081657,
83.65,662.02,0.081712,
87.15,662.02,0.081724,
90.65,662.02,0.081737,
94.33,662.02,0.081724,
97.83,662.02,0.081675,
101.33,662.02,0.081792,
105,662.02,0.081389,
108.5,662.02,0.081376,
112,662.02,0.08133,
115.5,662.02,0.081271,
119.18,662.02,0.081318,
122.68,662.02,0.081216,
126.18,662.02,0.081407,
129.85,662.02,0.081352,
133.35,662.02,0.081389,
136.85,662.02,0.080889,
140.53,662.02,0.081,
144.03,662.02,0.08097,
147.53,662.02,0.080914,
151.03,662.02,0.080926,
154.7,662.02,0.080997,
158.38,662.02,0.080483,
161.88,662.02,0.080514,
165.38,662.02,0.080209,
169.05,662.02,0.08011,
172.55,662.02,0.080082,
176.05,662.02,0.080206,
179.55,662.02,0.080184,
183.23,662.02,0.080526,
186.73,662.02,0.080945,
190.23,662.02,0.080973,
193.73,662.02,0.081244,
197.23,662.02,0.081389,
200.9,662.02,0.081416,
204.58,662.02,0.080979,
208.08,662.02,0.080566,
211.75,662.02,0.080088,
215.25,662.02,0.079784,
218.75,662.02,0.078976,
222.25,662.02,0.078662,
225.93,662.02,0.078283,
229.43,662.02,0.078237,
232.93,662.02,0.078228,
236.6,662.02,0.078209,
240.1,662.02,0.078175,
243.6,662.02,0.077895,
246.93,662.02,0.077504,
250.78,662.02,0.077451,
254.45,662.02,0.077559,
257.95,662.02,0.077414,
261.45,662.02,0.07783,
265.13,662.02,0.078656,
268.63,662.02,0.079522,
272.3,662.02,0.080434,
275.63,662.02,0.081345,
279.3,662.02,0.081684,
282.8,662.02,0.081731,
286.48,662.02,0.081789,
289.98,662.02,0.081727,
293.48,662.02,0.081737,
296.98,662.02,0.081767,
300.48,662.02,0.081795,
304.15,662.02,0.081244,
307.65,662.02,0.080652,
311.15,662.02,0.080024,
314.83,662.02,0.079873,
318.33,662.02,0.080073,
321.83,662.02,0.080686,
325.33,662.02,0.081731,
329,662.02,0.082103,
332.5,662.02,0.082824,
336,662.02,0.083243,
339.68,662.02,0.083252,
343.18,662.02,0.083314,
346.68,662.02,0.083382,
350.35,662.02,0.082877,
354.03,662.02,0.08247,
357.53,662.02,0.082088,
361.03,662.02,0.081795,
364.7,662.02,0.081814,
368.03,662.02,0.081697,
371.7,662.02,0.081734,
375.2,662.02,0.081786,
378.7,662.02,0.081743,
382.38,662.02,0.081795,
386.05,662.02,0.081715,
389.55,662.02,0.082094,
393.05,662.02,0.082741,
396.73,662.02,0.083674,
400.23,662.02,0.084676,
403.9,662.02,0.085677,
407.4,662.02,0.086811,
411.08,662.02,0.08747,
414.58,662.02,0.088108,
417.9,662.02,0.088533,
421.58,662.02,0.088773,
425.25,662.02,0.089115,
428.75,662.02,0.088684,
432.25,662.02,0.088228,
435.93,662.02,0.087411,
439.43,662.02,0.086752,
442.75,662.02,0.085859,
446.6,662.02,0.085267,
450.1,662.02,0.084491,
453.6,662.02,0.084146,
457.28,662.02,0.083505,
460.78,662.02,0.082987,
464.28,662.02,0.08243,
467.95,662.02,0.081749,
471.28,662.02,0.081352,
474.95,662.02,0.080711,
478.45,662.02,0.080172,
481.95,662.02,0.07983,
485.63,662.02,0.079365,
489.3,662.02,0.079013,
492.8,662.02,0.078983,
496.3,662.02,0.078687,
499.8,662.02,0.078687,
503.48,662.02,0.078299,
507.15,662.02,0.078637,
510.65,662.02,0.078742,
514.33,662.02,0.079053,
517.65,662.02,0.079426,
521.5,662.02,0.079479,
525,662.02,0.079787,
528.5,662.02,0.079944,
532.18,662.02,0.080209,
535.68,662.02,0.080264,
539.18,662.02,0.080526,
542.85,662.02,0.080979,
546.35,662.02,0.080948,
549.85,662.02,0.081367,
553.35,662.02,0.081376,
556.85,662.02,0.081795,
560.35,662.02,0.081789,
563.85,662.02,0.081731,
567.53,662.02,0.082097,
570.85,662.02,0.082137,
574.53,662.02,0.082162,
577.85,662.02,0.082467,
581.53,662.02,0.082572,
585.2,662.02,0.082855,
588.7,662.02,0.083252,
592.2,662.02,0.083351,
595.7,662.02,0.083332,
599.38,662.02,0.083058,
602.88,662.02,0.082892,
606.38,662.02,0.082883,
610.05,662.02,0.082498,
613.55,662.02,0.082528,
617.05,662.02,0.082153,
620.55,662.02,0.081829,
624.23,662.02,0.08169,
627.73,662.02,0.081352,
631.23,662.02,0.080714,
634.73,662.02,0.079978,
638.4,662.02,0.079272,
641.9,662.02,0.078711,
645.58,662.02,0.078197,
649.08,662.02,0.077833,
652.75,662.02,0.07791,
656.25,662.02,0.077904,
659.93,662.02,0.078175,
663.43,662.02,0.07913,
666.93,662.02,0.080276,
670.43,662.02,0.081567,
673.93,662.02,0.082393,
677.6,662.02,0.083311,
681.1,662.02,0.083653,
684.6,662.02,0.083708,
688.1,662.02,0.083351,
691.78,662.02,0.082944,
695.28,662.02,0.082245,
698.78,662.02,0.08178,
702.28,662.02,0.08,
12.25,695.1,0.088705,
15.75,695.1,0.08946,
19.25,695.1,0.089811,
22.93,695.1,0.090215,
26.43,695.1,0.090236,
29.93,695.1,0.090042,
33.6,695.1,0.089802,
37.1,695.1,0.089103,
40.6,695.1,0.088178,
44.1,695.1,0.087168,
47.6,695.1,0.086515,
51.1,695.1,0.085637,
54.78,695.1,0.085221,
58.28,695.1,0.084423,
61.78,695.1,0.083801,
65.28,695.1,0.083262,
86.45,695.1,0.079426,
90.13,695.1,0.078961,
93.63,695.1,0.078674,
97.3,695.1,0.078702,
100.8,695.1,0.078986,
104.3,695.1,0.079457,
107.8,695.1,0.079765,
111.48,695.1,0.08023,
349.48,695.1,0.08166,
352.98,695.1,0.082109,
356.48,695.1,0.082285,
359.98,695.1,0.08234,
363.48,695.1,0.082436,
367.15,695.1,0.082384,
370.48,695.1,0.082873,
374.15,695.1,0.082849,
377.65,695.1,0.08,
420.18,695.1,0.083671,
423.68,695.1,0.084204,
427.18,695.1,0.085052,
430.85,695.1,0.085877,
434.35,695.1,0.086721,
437.85,695.1,0.087732,
441.53,695.1,0.088986,
445.03,695.1,0.090064,
448.7,695.1,0.090889,
452.2,695.1,0.091583,
455.88,695.1,0.09169,
459.38,695.1,0.091764,
462.88,695.1,0.091241,
466.55,695.1,0.090665,
470.05,695.1,0.089827,
473.73,695.1,0.088893,
477.23,695.1,0.088222,
480.73,695.1,0.087445,
484.4,695.1,0.086977,
487.9,695.1,0.086379,
491.4,695.1,0.086019,
495.08,695.1,0.085908,
498.58,695.1,0.085566,
502.08,695.1,0.085202,
505.58,695.1,0.084897,
508.73,695.1,0.084405,
512.58,695.1,0.083989,
516.25,695.1,0.083644,
519.75,695.1,0.083622,
523.25,695.1,0.084001,
526.93,695.1,0.08442,
530.43,695.1,0.084814,
534.1,695.1,0.085135,
538.3,695.1,0.085575,
541.98,695.1,0.086019,
545.48,695.1,0.086429,
548.98,695.1,0.087042,
