x,y,z
0.95,0.0,0.027528
2.35,0.0,0.027094
3.45,0.0,0.027183
4.45,0.0,0.027895
5.55,0.0,0.028936
7.3,0.0,0.031592
8.35,0.0,0.033499
9.4,0.0,0.035301
10.4,0.0,0.0371
11.4,0.0,0.039007
12.45,0.0,0.040588
13.45,0.0,0.041989
14.5,0.0,0.043129
15.55,0.0,0.043674
16.6,0.0,0.043816
17.6,0.0,0.043906
18.65,0.0,0.04385
19.7,0.0,0.043477
20.7,0.0,0.043219
21.75,0.0,0.042294
22.75,0.0,0.04178
23.75,0.0,0.041857
24.85,0.0,0.042174
25.85,0.0,0.042753
26.9,0.0,0.043462
27.9,0.0,0.043939
28.95,0.0,0.044244
29.95,0.0,0.044371
31.0,0.0,0.04462
32.0,0.0,0.04454
33.1,0.0,0.045076
34.35,0.0,0.045769
35.45,0.0,0.046404
36.5,0.0,0.046792
37.55,0.0,0.047642
38.75,0.0,0.048326
40.05,0.0,0.049146
41.15,0.0,0.049503
42.35,0.0,0.04978
43.5,0.0,0.050258
44.9,0.0,0.049756
45.95,0.0,0.049454
47.15,0.0,0.049506
48.25,0.0,0.049158
49.65,0.0,0.04881
50.65,0.0,0.048699
51.95,0.0,0.048308
57.15,0.0,0.04918
58.6,0.0,0.04962
59.85,0.0,0.049402
60.8,0.0,0.049522
62.05,0.0,0.049432
63.2,0.0,0.049149
64.65,0.0,0.048021
66.05,0.0,0.046056
67.1,0.0,0.044417
68.1,0.0,0.042686
69.2,0.0,0.041299
70.45,0.0,0.039636
71.6,0.0,0.037732
72.9,0.0,0.03527
74.3,0.0,0.032932
75.35,0.0,0.031342
76.4,0.0,0.030692
77.45,0.0,0.030224
78.6,0.0,0.030665
80.15,0.0,0.030625
81.2,0.0,0.030138
82.2,0.0,0.0297
83.25,0.0,0.029386
84.35,0.0,0.029901
85.45,0.0,0.031666
86.45,0.0,0.034097
87.5,0.0,0.037128
88.95,0.0,0.040683
90.25,0.0,0.041524
91.55,0.0,0.040705
92.65,0.0,0.039029
93.9,0.0,0.036786
95.0,0.0,0.034186
96.4,0.0,0.032002
97.8,0.0,0.029753
98.8,0.0,0.028554
99.9,0.0,0.027578
100.85,0.0,0.027165
101.95,0.0,0.026777
102.95,0.0,0.026469
104.0,0.0,0.026863
105.0,0.0,0.027858
106.05,0.0,0.029328
107.05,0.0,0.031435
108.1,0.0,0.033992
109.15,0.0,0.036641
110.15,0.0,0.039753
111.2,0.0,0.04288
112.25,0.0,0.045735
113.3,0.0,0.048653
114.35,0.0,0.05035
115.4,0.0,0.05243
116.4,0.0,0.054124
117.45,0.0,0.055239
118.45,0.0,0.055837
119.5,0.0,0.056062
120.5,0.0,0.055526
121.55,0.0,0.054543
122.6,0.0,0.052414
123.6,0.0,0.049808
124.7,0.0,0.047202
125.85,0.0,0.044201
126.85,0.0,0.042122
127.85,0.0,0.040569
128.95,0.0,0.039565
129.95,0.0,0.039916
131.0,0.0,0.040856
132.1,0.0,0.042254
133.05,0.0,0.044312
134.1,0.0,0.04661
135.15,0.0,0.049405
136.15,0.0,0.051068
137.25,0.0,0.053807
138.3,0.0,0.056592
139.3,0.0,0.060677
140.5,0.0,0.065973
141.7,0.0,0.0734
142.7,0.0,0.080366
143.75,0.0,0.08901
144.8,0.0,0.097732
145.85,0.0,0.108456
146.9,0.0,0.119867
147.95,0.0,0.131207
148.95,0.0,0.142048
150.0,0.0,0.152334
151.65,0.0,0.165631
152.7,0.0,0.170615
153.7,0.0,0.172648
154.8,0.0,0.17181
155.9,0.0,0.16555
157.1,0.0,0.155202
158.1,0.0,0.140926
159.1,0.0,0.122762
160.3,0.0,0.096906
161.3,0.0,0.072726
162.4,0.0,0.046718
163.45,0.0,0.027984
164.45,0.0,0.036102
165.5,0.0,0.061456
166.65,0.0,0.088782
167.7,0.0,0.114577
168.8,0.0,0.137032
169.85,0.0,0.153773
170.9,0.0,0.165948
171.95,0.0,0.173884
173.1,0.0,0.178055
174.1,0.0,0.177762
175.15,0.0,0.174318
176.15,0.0,0.168486
177.15,0.0,0.160375
178.2,0.0,0.150991
179.2,0.0,0.140902
180.25,0.0,0.12999
181.3,0.0,0.1191
182.8,0.0,0.103317
184.1,0.0,0.090649
185.3,0.0,0.078995
187.15,0.0,0.064694
188.45,0.0,0.055344
189.75,0.0,0.047464
0.15,9.0,0.031139
0.85,9.0,0.030739
1.95,9.0,0.030295
3.0,9.0,0.030637
4.05,9.0,0.031475
5.3,9.0,0.033299
6.35,9.0,0.035372
7.35,9.0,0.038055
8.4,9.0,0.040994
9.6,9.0,0.0443
10.6,9.0,0.047088
11.8,9.0,0.049888
12.85,9.0,0.051845
14.0,9.0,0.053101
15.05,9.0,0.053336
16.05,9.0,0.052322
17.1,9.0,0.051102
18.15,9.0,0.049941
19.15,9.0,0.048662
20.2,9.0,0.047593
21.3,9.0,0.046533
22.3,9.0,0.045914
23.35,9.0,0.046053
24.4,9.0,0.046478
25.4,9.0,0.046795
26.4,9.0,0.04665
27.5,9.0,0.04621
28.5,9.0,0.045107
29.5,9.0,0.043585
30.55,9.0,0.04178
31.6,9.0,0.040267
32.65,9.0,0.038788
33.7,9.0,0.037886
34.7,9.0,0.036555
35.75,9.0,0.035495
36.75,9.0,0.034451
37.75,9.0,0.033653
38.8,9.0,0.032606
39.8,9.0,0.03121
40.85,9.0,0.029768
41.85,9.0,0.028564
42.9,9.0,0.026835
43.9,9.0,0.02572
44.95,9.0,0.024211
46.05,9.0,0.023089
47.05,9.0,0.022353
48.1,9.0,0.021959
49.2,9.0,0.021182
50.25,9.0,0.020686
51.3,9.0,0.020637
52.35,9.0,0.020729
53.4,9.0,0.020264
54.45,9.0,0.02028
55.45,9.0,0.020578
56.5,9.0,0.021629
57.5,9.0,0.023018
58.6,9.0,0.025141
59.65,9.0,0.027692
60.75,9.0,0.031204
61.85,9.0,0.034851
62.9,9.0,0.038601
63.95,9.0,0.041731
64.95,9.0,0.044137
65.95,9.0,0.045585
67.05,9.0,0.046795
68.1,9.0,0.047057
69.2,9.0,0.046478
70.25,9.0,0.045227
71.5,9.0,0.043471
72.55,9.0,0.041715
73.55,9.0,0.040856
74.6,9.0,0.039482
75.7,9.0,0.038422
76.7,9.0,0.037137
77.75,9.0,0.035495
78.75,9.0,0.034001
79.75,9.0,0.033006
80.8,9.0,0.032707
81.85,9.0,0.03215
82.85,9.0,0.032519
83.95,9.0,0.033758
85.0,9.0,0.034596
86.05,9.0,0.036586
87.1,9.0,0.039519
88.2,9.0,0.04336
89.25,9.0,0.046792
90.25,9.0,0.049429
91.35,9.0,0.050224
92.35,9.0,0.050005
93.35,9.0,0.048869
94.35,9.0,0.046764
95.4,9.0,0.044275
96.4,9.0,0.04206
97.45,9.0,0.039975
98.5,9.0,0.038397
99.5,9.0,0.037193
100.5,9.0,0.035951
101.55,9.0,0.034636
102.6,9.0,0.033413
103.65,9.0,0.031931
104.7,9.0,0.030597
105.7,9.0,0.029275
106.8,9.0,0.028289
107.8,9.0,0.027602
108.8,9.0,0.026786
109.85,9.0,0.026185
110.85,9.0,0.02527
111.85,9.0,0.024445
112.9,9.0,0.024081
114.1,9.0,0.023326
115.1,9.0,0.023018
116.15,9.0,0.02271
117.15,9.0,0.02259
118.3,9.0,0.021863
119.3,9.0,0.021992
120.3,9.0,0.021814
121.35,9.0,0.02226
122.7,9.0,0.023015
123.7,9.0,0.023825
124.8,9.0,0.024821
125.85,9.0,0.026278
126.9,9.0,0.028222
127.9,9.0,0.030748
129.0,9.0,0.033822
130.05,9.0,0.036216
131.35,9.0,0.040363
132.35,9.0,0.043755
133.4,9.0,0.047066
134.4,9.0,0.050024
135.45,9.0,0.05397
136.5,9.0,0.057713
137.55,9.0,0.063262
138.55,9.0,0.069174
139.6,9.0,0.076952
140.7,9.0,0.08617
141.7,9.0,0.09657
142.75,9.0,0.109685
143.75,9.0,0.124642
144.85,9.0,0.142199
145.85,9.0,0.161314
146.9,9.0,0.182088
147.9,9.0,0.203961
148.95,9.0,0.226299
150.0,9.0,0.246709
150.95,9.0,0.263874
152.05,9.0,0.278221
153.05,9.0,0.28759
154.1,9.0,0.290689
155.15,9.0,0.286521
156.15,9.0,0.275251
157.15,9.0,0.256
158.2,9.0,0.228656
159.2,9.0,0.192824
160.25,9.0,0.151998
161.25,9.0,0.101533
162.3,9.0,0.055501
163.3,9.0,0.032316
164.3,9.0,0.069808
165.35,9.0,0.123739
166.35,9.0,0.171512
167.35,9.0,0.216564
168.4,9.0,0.257223
169.4,9.0,0.2882
170.4,9.0,0.312303
171.45,9.0,0.32905
172.5,9.0,0.337047
173.5,9.0,0.337331
174.6,9.0,0.329986
175.65,9.0,0.318576
176.65,9.0,0.301986
177.7,9.0,0.282248
178.8,9.0,0.260421
179.85,9.0,0.23868
180.9,9.0,0.216287
181.95,9.0,0.195033
182.85,9.0,0.174568
184.05,9.0,0.155652
185.05,9.0,0.138634
186.05,9.0,0.122655
187.05,9.0,0.108018
188.1,9.0,0.094978
189.15,9.0,0.083801
0.15,18.05,0.036678
0.9,18.05,0.036678
2.0,18.05,0.037159
3.0,18.05,0.038588
4.0,18.05,0.039959
5.1,18.05,0.042337
6.1,18.05,0.044931
7.15,18.05,0.04771
8.15,18.05,0.050276
9.2,18.05,0.053678
10.2,18.05,0.056253
11.3,18.05,0.059127
12.3,18.05,0.061866
13.65,18.05,0.065729
14.65,18.05,0.069214
15.75,18.05,0.073933
16.75,18.05,0.079457
17.95,18.05,0.087039
19.05,18.05,0.095193
20.1,18.05,0.104247
21.15,18.05,0.113483
22.05,18.05,0.12393
23.25,18.05,0.13405
24.3,18.05,0.142725
25.35,18.05,0.151059
26.3,18.05,0.15742
27.5,18.05,0.161706
28.55,18.05,0.162725
29.55,18.05,0.161314
30.6,18.05,0.156986
31.65,18.05,0.149894
32.7,18.05,0.140233
33.75,18.05,0.12771
34.7,18.05,0.114334
35.85,18.05,0.097519
36.95,18.05,0.081706
37.95,18.05,0.066604
39.0,18.05,0.052682
40.25,18.05,0.037781
41.3,18.05,0.030652
42.3,18.05,0.028711
43.45,18.05,0.031681
44.55,18.05,0.036364
45.6,18.05,0.041099
46.6,18.05,0.045052
47.6,18.05,0.048323
48.65,18.05,0.050193
49.7,18.05,0.051536
50.75,18.05,0.052005
51.75,18.05,0.051503
52.9,18.05,0.050243
53.9,18.05,0.049402
54.9,18.05,0.047898
55.95,18.05,0.046493
57.0,18.05,0.045403
58.05,18.05,0.045501
59.1,18.05,0.045717
60.15,18.05,0.046795
61.15,18.05,0.048234
62.25,18.05,0.04938
63.3,18.05,0.04967
64.3,18.05,0.04934
65.35,18.05,0.047673
66.35,18.05,0.045443
67.35,18.05,0.042615
68.4,18.05,0.039716
69.4,18.05,0.037575
70.3,18.05,0.035116
71.5,18.05,0.033727
72.55,18.05,0.031728
73.55,18.05,0.030015
74.5,18.05,0.029266
75.55,18.05,0.028582
76.6,18.05,0.027981
77.55,18.05,0.027522
78.65,18.05,0.026771
79.75,18.05,0.025828
80.75,18.05,0.025196
81.85,18.05,0.025243
82.9,18.05,0.025483
84.1,18.05,0.026367
85.1,18.05,0.027063
86.15,18.05,0.028283
87.2,18.05,0.028866
88.4,18.05,0.029568
89.45,18.05,0.029821
90.45,18.05,0.029811
91.45,18.05,0.029959
92.65,18.05,0.032002
93.7,18.05,0.03414
94.7,18.05,0.036848
95.7,18.05,0.039386
96.75,18.05,0.041503
97.8,18.05,0.042784
98.85,18.05,0.04308
99.85,18.05,0.042957
100.9,18.05,0.042642
102.25,18.05,0.042051
103.25,18.05,0.041087
104.3,18.05,0.040052
105.35,18.05,0.039013
106.65,18.05,0.037941
107.7,18.05,0.037294
108.7,18.05,0.036601
109.85,18.05,0.035668
111.1,18.05,0.034432
112.1,18.05,0.033752
113.15,18.05,0.033333
114.2,18.05,0.033243
115.5,18.05,0.034016
116.55,18.05,0.034944
117.6,18.05,0.03576
118.65,18.05,0.035954
119.75,18.05,0.035772
120.8,18.05,0.035911
121.85,18.05,0.03507
123.0,18.05,0.033893
124.0,18.05,0.031878
125.05,18.05,0.03024
126.15,18.05,0.02934
127.15,18.05,0.029688
128.15,18.05,0.030431
129.25,18.05,0.031592
130.25,18.05,0.033142
131.3,18.05,0.034081
132.35,18.05,0.034703
133.5,18.05,0.035119
134.5,18.05,0.034719
135.5,18.05,0.035384
136.5,18.05,0.036567
137.45,18.05,0.038696
138.55,18.05,0.041687
139.6,18.05,0.045951
140.6,18.05,0.051161
141.65,18.05,0.058952
142.75,18.05,0.068311
143.8,18.05,0.079167
144.8,18.05,0.092679
145.9,18.05,0.108021
146.9,18.05,0.124312
147.95,18.05,0.141586
148.95,18.05,0.158847
150.0,18.05,0.175809
151.0,18.05,0.191259
152.05,18.05,0.205088
153.1,18.05,0.21523
154.1,18.05,0.218998
155.15,18.05,0.216829
156.35,18.05,0.204632
157.35,18.05,0.185969
158.4,18.05,0.160181
159.45,18.05,0.127661
160.3,18.05,0.090375
161.5,18.05,0.057079
162.5,18.05,0.052901
163.55,18.05,0.089161
164.6,18.05,0.138545
165.6,18.05,0.186616
166.65,18.05,0.23653
167.7,18.05,0.279682
168.7,18.05,0.318169
170.1,18.05,0.356499
171.1,18.05,0.375855
172.15,18.05,0.387152
173.2,18.05,0.390535
174.45,18.05,0.384989
175.5,18.05,0.373126
176.5,18.05,0.357685
177.55,18.05,0.33807
178.5,18.05,0.316028
179.6,18.05,0.292239
180.6,18.05,0.268227
181.65,18.05,0.244121
182.7,18.05,0.220449
183.75,18.05,0.196783
184.8,18.05,0.176179
185.95,18.05,0.156459
186.95,18.05,0.139238
188.15,18.05,0.121506
189.2,18.05,0.107371
0.1,27.05,0.04535
1.15,27.05,0.044864
2.15,27.05,0.044978
3.15,27.05,0.045258
4.2,27.05,0.046441
5.2,27.05,0.048653
6.25,27.05,0.051207
7.25,27.05,0.054867
8.35,27.05,0.059466
9.4,27.05,0.064133
10.4,27.05,0.069901
11.45,27.05,0.076404
12.5,27.05,0.084056
13.5,27.05,0.094229
14.55,27.05,0.107054
15.55,27.05,0.123295
16.55,27.05,0.143961
17.5,27.05,0.171271
18.7,27.05,0.202085
19.75,27.05,0.238437
20.75,27.05,0.276256
21.8,27.05,0.319842
22.85,27.05,0.363351
23.85,27.05,0.405753
24.9,27.05,0.446305
25.95,27.05,0.481807
26.9,27.05,0.511231
27.95,27.05,0.531369
28.95,27.05,0.541237
30.1,27.05,0.539284
31.15,27.05,0.524194
32.15,27.05,0.496804
33.2,27.05,0.45762
34.25,27.05,0.408375
35.45,27.05,0.34384
36.45,27.05,0.282744
37.5,27.05,0.222118
38.55,27.05,0.161533
39.6,27.05,0.106013
40.7,27.05,0.0654
41.75,27.05,0.048979
42.75,27.05,0.061278
43.75,27.05,0.081758
44.8,27.05,0.099706
45.85,27.05,0.11344
46.85,27.05,0.122174
47.85,27.05,0.126635
49.05,27.05,0.128104
50.1,27.05,0.126712
51.15,27.05,0.12426
52.15,27.05,0.120483
53.2,27.05,0.116487
54.2,27.05,0.111678
55.25,27.05,0.107384
56.3,27.05,0.103351
57.3,27.05,0.101102
58.35,27.05,0.100951
59.4,27.05,0.102032
60.4,27.05,0.1034
61.45,27.05,0.104599
62.45,27.05,0.105107
63.5,27.05,0.105181
64.5,27.05,0.105692
65.5,27.05,0.107079
66.55,27.05,0.110048
67.55,27.05,0.114343
68.6,27.05,0.121108
69.6,27.05,0.128551
70.65,27.05,0.137343
71.7,27.05,0.144703
72.75,27.05,0.150144
73.8,27.05,0.153406
74.8,27.05,0.154586
75.85,27.05,0.155095
76.9,27.05,0.154993
78.0,27.05,0.156989
79.0,27.05,0.161493
80.1,27.05,0.170532
81.15,27.05,0.182205
82.15,27.05,0.198144
83.2,27.05,0.218268
84.25,27.05,0.240744
85.1,27.05,0.263073
86.25,27.05,0.286034
87.35,27.05,0.306684
88.35,27.05,0.321367
89.55,27.05,0.329669
90.6,27.05,0.326702
91.65,27.05,0.313646
92.65,27.05,0.293369
93.65,27.05,0.265236
94.75,27.05,0.23401
95.8,27.05,0.201696
96.85,27.05,0.172396
97.85,27.05,0.148459
98.9,27.05,0.128332
99.95,27.05,0.113092
101.0,27.05,0.103305
101.95,27.05,0.09755
103.05,27.05,0.094916
104.1,27.05,0.094229
105.15,27.05,0.093758
106.2,27.05,0.093299
107.3,27.05,0.093222
108.4,27.05,0.093268
109.4,27.05,0.093329
110.4,27.05,0.093665
111.8,27.05,0.094867
112.8,27.05,0.095554
113.8,27.05,0.096475
114.8,27.05,0.097396
116.05,27.05,0.098209
117.05,27.05,0.098665
118.1,27.05,0.099522
119.1,27.05,0.099824
120.35,27.05,0.100239
121.4,27.05,0.099525
122.45,27.05,0.097803
123.45,27.05,0.094864
124.85,27.05,0.090283
125.9,27.05,0.086669
126.9,27.05,0.083348
127.95,27.05,0.080569
129.0,27.05,0.079238
130.0,27.05,0.078496
131.05,27.05,0.079004
132.1,27.05,0.079371
133.1,27.05,0.079349
134.2,27.05,0.078182
135.2,27.05,0.076284
136.25,27.05,0.073751
137.25,27.05,0.070646
138.4,27.05,0.067723
139.45,27.05,0.066543
140.5,27.05,0.067356
141.5,27.05,0.06995
142.75,27.05,0.073616
143.8,27.05,0.076019
144.8,27.05,0.075948
145.85,27.05,0.073822
147.0,27.05,0.068483
148.0,27.05,0.063329
149.05,27.05,0.057889
150.2,27.05,0.053101
151.1,27.05,0.050739
152.25,27.05,0.051139
153.35,27.05,0.053483
154.35,27.05,0.05824
155.55,27.05,0.066019
156.55,27.05,0.077211
157.6,27.05,0.0945
158.6,27.05,0.120332
159.85,27.05,0.16137
160.9,27.05,0.205452
161.9,27.05,0.254574
163.0,27.05,0.308742
164.1,27.05,0.364367
165.15,27.05,0.415729
166.15,27.05,0.46336
167.25,27.05,0.506989
168.35,27.05,0.544084
169.4,27.05,0.568668
170.45,27.05,0.583775
171.45,27.05,0.588778
172.55,27.05,0.584167
173.6,27.05,0.570297
174.6,27.05,0.549527
175.65,27.05,0.522648
176.7,27.05,0.488206
177.75,27.05,0.452358
178.75,27.05,0.415301
179.8,27.05,0.375144
180.85,27.05,0.338286
181.95,27.05,0.298563
182.95,27.05,0.266364
184.0,27.05,0.235513
185.1,27.05,0.205267
186.3,27.05,0.175258
187.35,27.05,0.15418
188.35,27.05,0.135566
189.4,27.05,0.118718
0.1,36.05,0.034312
0.95,36.05,0.033175
2.05,36.05,0.031746
2.95,36.05,0.031521
4.1,36.05,0.031955
5.1,36.05,0.033311
6.15,36.05,0.035301
7.2,36.05,0.038542
8.2,36.05,0.042877
9.2,36.05,0.048037
10.25,36.05,0.053225
11.35,36.05,0.060018
12.35,36.05,0.066204
13.4,36.05,0.0741
14.4,36.05,0.083419
15.4,36.05,0.095018
16.45,36.05,0.109155
17.55,36.05,0.126801
18.55,36.05,0.145566
19.55,36.05,0.166413
20.6,36.05,0.189327
21.6,36.05,0.21519
22.6,36.05,0.241687
23.65,36.05,0.267408
24.65,36.05,0.291875
25.65,36.05,0.314475
26.65,36.05,0.334044
27.65,36.05,0.347873
28.7,36.05,0.355578
29.9,36.05,0.356477
30.95,36.05,0.349725
32.0,36.05,0.336006
33.05,36.05,0.313797
34.1,36.05,0.286447
35.4,36.05,0.248542
36.4,36.05,0.213003
37.45,36.05,0.176278
38.5,36.05,0.142744
39.6,36.05,0.108739
40.6,36.05,0.08316
41.7,36.05,0.065883
42.7,36.05,0.06019
43.75,36.05,0.063237
44.85,36.05,0.070791
45.85,36.05,0.07905
46.9,36.05,0.085948
47.95,36.05,0.091355
49.05,36.05,0.094793
50.1,36.05,0.096278
51.1,36.05,0.096278
52.2,36.05,0.095132
53.2,36.05,0.092501
54.35,36.05,0.08804
55.4,36.05,0.082639
56.4,36.05,0.077008
57.5,36.05,0.070341
58.55,36.05,0.06446
59.55,36.05,0.059497
60.6,36.05,0.054611
61.6,36.05,0.050283
62.75,36.05,0.045911
63.8,36.05,0.042168
64.8,36.05,0.038825
65.9,36.05,0.036675
66.85,36.05,0.035911
67.9,36.05,0.035819
68.95,36.05,0.036604
70.05,36.05,0.037605
71.1,36.05,0.038105
72.05,36.05,0.038536
73.1,36.05,0.038437
74.15,36.05,0.038049
75.15,36.05,0.037874
76.2,36.05,0.037895
77.25,36.05,0.039651
78.3,36.05,0.043847
79.35,36.05,0.053453
80.4,36.05,0.071968
81.4,36.05,0.101469
82.45,36.05,0.149614
83.5,36.05,0.211921
88.65,36.05,0.512719
89.7,36.05,0.533258
90.7,36.05,0.529142
91.75,36.05,0.502549
92.75,36.05,0.459154
93.8,36.05,0.404493
94.85,36.05,0.343295
95.9,36.05,0.28369
96.9,36.05,0.230507
97.95,36.05,0.180495
98.95,36.05,0.142331
100.0,36.05,0.110936
101.0,36.05,0.088865
102.1,36.05,0.074743
103.1,36.05,0.068314
104.15,36.05,0.066084
105.2,36.05,0.067026
106.2,36.05,0.069038
107.25,36.05,0.070705
108.25,36.05,0.071958
109.3,36.05,0.07304
110.3,36.05,0.074137
111.4,36.05,0.074756
112.45,36.05,0.075307
113.35,36.05,0.075991
114.45,36.05,0.076949
115.55,36.05,0.078126
116.55,36.05,0.079602
117.55,36.05,0.081114
118.55,36.05,0.082987
119.7,36.05,0.086268
120.75,36.05,0.089916
121.75,36.05,0.094432
122.8,36.05,0.0991
123.85,36.05,0.104851
124.95,36.05,0.109546
125.95,36.05,0.113262
126.95,36.05,0.116145
128.0,36.05,0.117491
129.0,36.05,0.117473
130.05,36.05,0.116003
131.05,36.05,0.113591
132.25,36.05,0.109235
133.3,36.05,0.104146
134.3,36.05,0.098191
135.35,36.05,0.09149
136.35,36.05,0.082082
137.45,36.05,0.073862
138.45,36.05,0.063514
139.45,36.05,0.051795
140.45,36.05,0.039029
141.5,36.05,0.025366
142.55,36.05,0.012368
143.55,36.05,0.010754
144.6,36.05,0.023613
145.65,36.05,0.040508
146.7,36.05,0.057624
147.75,36.05,0.07223
148.75,36.05,0.084962
149.75,36.05,0.095119
150.8,36.05,0.102257
151.8,36.05,0.105816
152.85,36.05,0.106037
153.85,36.05,0.102307
154.9,36.05,0.09479
155.95,36.05,0.08328
156.95,36.05,0.067618
158.0,36.05,0.046601
159.0,36.05,0.019007
160.1,36.05,0.014972
161.15,36.05,0.055295
162.15,36.05,0.098819
163.25,36.05,0.147883
164.3,36.05,0.196758
165.3,36.05,0.246358
166.35,36.05,0.293058
167.35,36.05,0.336407
168.35,36.05,0.37458
169.4,36.05,0.408461
170.45,36.05,0.433979
171.45,36.05,0.449752
172.5,36.05,0.457309
173.55,36.05,0.456517
174.6,36.05,0.44856
175.6,36.05,0.434114
176.6,36.05,0.414278
177.65,36.05,0.390741
178.7,36.05,0.364863
179.7,36.05,0.338572
180.7,36.05,0.310643
181.75,36.05,0.2823
182.8,36.05,0.255649
183.8,36.05,0.231074
184.9,36.05,0.205276
185.9,36.05,0.183394
186.95,36.05,0.164041
187.95,36.05,0.146752
189.0,36.05,0.130994
0.15,45.05,0.047162
0.9,45.05,0.046687
1.95,45.05,0.046432
3.0,45.05,0.0465
4.0,45.05,0.047122
5.1,45.05,0.047907
6.1,45.05,0.049284
7.1,45.05,0.050714
8.15,45.05,0.052485
9.2,45.05,0.054355
10.25,45.05,0.055135
11.25,45.05,0.05605
12.25,45.05,0.055809
13.45,45.05,0.055107
14.55,45.05,0.054685
15.55,45.05,0.054639
16.55,45.05,0.055353
17.8,45.05,0.056589
18.8,45.05,0.05791
19.85,45.05,0.059617
20.9,45.05,0.062433
21.95,45.05,0.065178
22.95,45.05,0.068277
24.0,45.05,0.071382
25.0,45.05,0.074266
26.05,45.05,0.077193
27.1,45.05,0.078983
28.15,45.05,0.079562
29.15,45.05,0.079944
30.4,45.05,0.079633
31.45,45.05,0.0784
32.45,45.05,0.076453
33.45,45.05,0.074324
34.5,45.05,0.071401
35.5,45.05,0.068487
36.5,45.05,0.065671
37.55,45.05,0.063684
38.6,45.05,0.061755
39.7,45.05,0.060048
40.75,45.05,0.058804
41.8,45.05,0.057941
42.8,45.05,0.057128
43.85,45.05,0.056407
44.85,45.05,0.055742
45.85,45.05,0.055199
46.9,45.05,0.054836
47.9,45.05,0.054485
48.95,45.05,0.054925
50.0,45.05,0.055239
51.0,45.05,0.056096
52.1,45.05,0.056804
53.1,45.05,0.057183
54.1,45.05,0.057756
55.15,45.05,0.058326
56.15,45.05,0.059087
57.15,45.05,0.060156
58.2,45.05,0.061213
59.3,45.05,0.062507
60.35,45.05,0.06365
61.4,45.05,0.064047
62.4,45.05,0.064435
63.45,45.05,0.063363
64.55,45.05,0.062532
65.75,45.05,0.060893
66.75,45.05,0.058942
67.75,45.05,0.057057
68.75,45.05,0.054851
69.85,45.05,0.052609
70.9,45.05,0.050603
71.9,45.05,0.0495
72.9,45.05,0.048351
74.0,45.05,0.047344
75.0,45.05,0.046167
76.05,45.05,0.044731
77.05,45.05,0.043302
78.1,45.05,0.041361
79.05,45.05,0.039605
80.05,45.05,0.037636
81.15,45.05,0.035591
82.2,45.05,0.033992
83.1,45.05,0.03219
84.35,45.05,0.030002
85.35,45.05,0.027975
86.3,45.05,0.026053
87.4,45.05,0.023804
88.8,45.05,0.020659
89.9,45.05,0.018293
90.95,45.05,0.01779
91.95,45.05,0.017165
93.1,45.05,0.017741
94.1,45.05,0.018822
95.15,45.05,0.020585
96.15,45.05,0.02287
97.5,45.05,0.02658
98.55,45.05,0.029814
99.55,45.05,0.032763
100.55,45.05,0.035015
101.65,45.05,0.037732
102.75,45.05,0.039873
103.75,45.05,0.041955
104.8,45.05,0.043385
105.95,45.05,0.045024
107.05,45.05,0.046379
108.1,45.05,0.047596
109.15,45.05,0.048711
110.3,45.05,0.049491
111.4,45.05,0.050551
112.45,45.05,0.051527
113.45,45.05,0.053021
114.45,45.05,0.054713
115.5,45.05,0.056327
116.5,45.05,0.057602
117.5,45.05,0.058638
118.55,45.05,0.059368
119.75,45.05,0.05999
120.75,45.05,0.060261
121.8,45.05,0.060563
122.8,45.05,0.061003
123.85,45.05,0.060236
124.95,45.05,0.058708
126.0,45.05,0.056463
127.05,45.05,0.054032
128.3,45.05,0.050551
129.35,45.05,0.047411
130.35,45.05,0.044229
131.6,45.05,0.03983
132.65,45.05,0.036
133.65,45.05,0.032368
134.7,45.05,0.028801
135.75,45.05,0.026561
136.75,45.05,0.026435
137.75,45.05,0.027581
138.8,45.05,0.030886
139.8,45.05,0.035283
140.85,45.05,0.041792
141.9,45.05,0.04971
142.9,45.05,0.059475
143.95,45.05,0.071167
145.0,45.05,0.08531
146.05,45.05,0.100594
147.0,45.05,0.11792
148.1,45.05,0.136567
148.95,45.05,0.155116
150.15,45.05,0.172987
151.15,45.05,0.190218
152.25,45.05,0.207038
153.3,45.05,0.220889
154.4,45.05,0.22991
155.45,45.05,0.232981
156.45,45.05,0.229725
157.5,45.05,0.218816
158.65,45.05,0.198776
159.65,45.05,0.17307
160.65,45.05,0.141647
161.7,45.05,0.103135
163.0,45.05,0.048499
164.0,45.05,0.016567
165.0,45.05,0.053619
166.0,45.05,0.101164
167.05,45.05,0.150341
168.05,45.05,0.193647
169.05,45.05,0.234549
170.05,45.05,0.269266
171.0,45.05,0.297913
172.1,45.05,0.320375
173.1,45.05,0.335535
174.2,45.05,0.342485
175.25,45.05,0.343138
176.3,45.05,0.337913
177.35,45.05,0.327192
178.45,45.05,0.311712
179.4,45.05,0.294666
180.45,45.05,0.275329
181.45,45.05,0.256505
182.55,45.05,0.235948
183.55,45.05,0.215862
184.6,45.05,0.196786
185.6,45.05,0.179235
186.6,45.05,0.163292
187.65,45.05,0.147605
188.7,45.05,0.133209
189.75,45.05,0.119774
0.1,54.05,0.048764
0.95,54.05,0.049029
2.0,54.05,0.049562
3.05,54.05,0.049525
4.15,54.05,0.049691
5.2,54.05,0.050317
6.2,54.05,0.05056
7.25,54.05,0.05117
8.25,54.05,0.051761
9.3,54.05,0.051949
10.3,54.05,0.05158
11.35,54.05,0.051087
12.35,54.05,0.050264
13.45,54.05,0.049358
14.5,54.05,0.048388
15.5,54.05,0.04719
16.5,54.05,0.045868
17.55,54.05,0.044833
18.6,54.05,0.043727
19.6,54.05,0.042713
20.6,54.05,0.042267
21.65,54.05,0.041647
22.65,54.05,0.040788
23.65,54.05,0.039978
24.7,54.05,0.039288
25.7,54.05,0.038659
26.75,54.05,0.037923
27.75,54.05,0.037864
28.75,54.05,0.037655
29.9,54.05,0.037433
30.95,54.05,0.037929
31.95,54.05,0.03779
32.95,54.05,0.03848
34.1,54.05,0.038351
35.1,54.05,0.03857
36.15,54.05,0.038936
37.15,54.05,0.039469
38.2,54.05,0.039793
39.2,54.05,0.040532
40.2,54.05,0.041176
41.3,54.05,0.042153
42.3,54.05,0.042827
43.35,54.05,0.043246
44.35,54.05,0.043474
45.4,54.05,0.044115
46.45,54.05,0.044734
47.45,54.05,0.045578
48.45,54.05,0.046592
49.45,54.05,0.046965
50.5,54.05,0.047168
51.5,54.05,0.047245
52.5,54.05,0.047491
53.55,54.05,0.047455
54.55,54.05,0.047532
55.55,54.05,0.047498
56.6,54.05,0.047923
57.6,54.05,0.047975
58.65,54.05,0.048178
59.8,54.05,0.048376
60.8,54.05,0.048333
61.85,54.05,0.048252
62.9,54.05,0.047963
63.95,54.05,0.047664
64.95,54.05,0.046804
66.0,54.05,0.046124
67.0,54.05,0.045776
68.2,54.05,0.045381
69.25,54.05,0.04584
70.25,54.05,0.046204
71.3,54.05,0.047248
72.3,54.05,0.047938
73.3,54.05,0.047978
74.35,54.05,0.047455
75.4,54.05,0.04621
76.35,54.05,0.04507
77.4,54.05,0.043711
78.4,54.05,0.04263
79.4,54.05,0.041463
80.45,54.05,0.040317
81.45,54.05,0.039435
82.45,54.05,0.038505
83.5,54.05,0.038394
84.5,54.05,0.038487
85.5,54.05,0.039134
86.55,54.05,0.039337
87.6,54.05,0.038986
88.6,54.05,0.039482
89.6,54.05,0.038742
90.6,54.05,0.038597
91.65,54.05,0.038625
92.65,54.05,0.038582
93.7,54.05,0.039281
94.75,54.05,0.039931
95.75,54.05,0.040406
96.8,54.05,0.041173
97.8,54.05,0.041552
98.85,54.05,0.042307
99.9,54.05,0.042729
100.95,54.05,0.042596
101.95,54.05,0.042476
103.0,54.05,0.041829
104.0,54.05,0.041549
105.05,54.05,0.042005
106.05,54.05,0.042846
107.05,54.05,0.043992
108.1,54.05,0.045243
109.1,54.05,0.046607
110.15,54.05,0.047966
111.15,54.05,0.049124
112.2,54.05,0.049845
113.2,54.05,0.050196
114.25,54.05,0.050215
115.25,54.05,0.049466
116.25,54.05,0.048776
117.3,54.05,0.04771
118.35,54.05,0.046845
119.35,54.05,0.04649
120.35,54.05,0.046099
121.4,54.05,0.045323
122.4,54.05,0.043594
123.4,54.05,0.041268
124.45,54.05,0.0382
125.5,54.05,0.035344
126.55,54.05,0.03292
127.55,54.05,0.030631
128.6,54.05,0.029442
129.6,54.05,0.028653
130.65,54.05,0.02832
131.7,54.05,0.028262
132.75,54.05,0.027941
133.75,54.05,0.028175
134.8,54.05,0.028727
135.8,54.05,0.030252
136.9,54.05,0.032963
137.9,54.05,0.036838
138.9,54.05,0.042347
139.95,54.05,0.049146
141.0,54.05,0.057106
142.05,54.05,0.06641
143.05,54.05,0.076992
144.1,54.05,0.089417
145.1,54.05,0.103523
146.15,54.05,0.120289
147.15,54.05,0.138434
148.2,54.05,0.157353
149.25,54.05,0.176955
150.3,54.05,0.197399
151.3,54.05,0.216586
152.3,54.05,0.23377
153.4,54.05,0.248874
154.45,54.05,0.258086
155.45,54.05,0.262383
156.45,54.05,0.260818
157.6,54.05,0.250868
158.65,54.05,0.235039
159.65,54.05,0.212088
160.65,54.05,0.182011
161.75,54.05,0.142639
162.8,54.05,0.099639
163.85,54.05,0.057002
164.85,54.05,0.032562
165.9,54.05,0.064183
166.9,54.05,0.110754
167.95,54.05,0.15966
168.95,54.05,0.203391
169.95,54.05,0.243052
170.95,54.05,0.275886
172.0,54.05,0.30311
173.0,54.05,0.322359
174.05,54.05,0.333924
175.05,54.05,0.338582
176.1,54.05,0.337383
177.1,54.05,0.330951
178.15,54.05,0.320094
179.05,54.05,0.305461
180.2,54.05,0.28844
181.2,54.05,0.270818
182.2,54.05,0.252368
183.25,54.05,0.233095
184.25,54.05,0.214435
185.3,54.05,0.195212
186.3,54.05,0.177624
187.35,54.05,0.161361
188.35,54.05,0.145794
189.4,54.05,0.132125
0.05,63.1,0.052467
1.05,63.1,0.051968
2.15,63.1,0.051426
3.15,63.1,0.050914
4.2,63.1,0.051022
5.25,63.1,0.05092
6.3,63.1,0.05129
7.3,63.1,0.051675
8.35,63.1,0.052014
9.4,63.1,0.051897
10.45,63.1,0.051416
11.5,63.1,0.050147
12.55,63.1,0.049053
13.55,63.1,0.047282
14.55,63.1,0.045498
15.55,63.1,0.044035
16.6,63.1,0.042627
17.6,63.1,0.041623
18.6,63.1,0.040705
19.65,63.1,0.039891
20.7,63.1,0.03967
21.75,63.1,0.03971
22.75,63.1,0.039636
23.9,63.1,0.039673
24.95,63.1,0.040036
26.0,63.1,0.040514
27.05,63.1,0.040671
28.0,63.1,0.040927
29.15,63.1,0.040927
30.15,63.1,0.040936
31.2,63.1,0.040628
32.2,63.1,0.040055
33.25,63.1,0.039673
34.3,63.1,0.039879
35.35,63.1,0.039186
36.35,63.1,0.03897
37.4,63.1,0.039026
38.45,63.1,0.038915
39.45,63.1,0.038825
40.45,63.1,0.039281
41.5,63.1,0.040323
42.45,63.1,0.04137
43.5,63.1,0.042584
44.55,63.1,0.043557
45.55,63.1,0.044552
46.6,63.1,0.045332
47.6,63.1,0.046231
48.6,63.1,0.046774
49.6,63.1,0.047248
50.65,63.1,0.047732
51.65,63.1,0.048308
52.7,63.1,0.048825
53.7,63.1,0.049072
54.7,63.1,0.049429
55.7,63.1,0.049454
56.7,63.1,0.049525
57.75,63.1,0.049072
58.8,63.1,0.04914
59.85,63.1,0.049121
60.9,63.1,0.049167
61.95,63.1,0.049571
62.95,63.1,0.049944
64.0,63.1,0.050686
65.0,63.1,0.051345
66.0,63.1,0.051697
67.05,63.1,0.052122
68.05,63.1,0.051777
69.05,63.1,0.051016
70.1,63.1,0.050119
71.15,63.1,0.049488
72.15,63.1,0.047858
73.15,63.1,0.046268
74.15,63.1,0.04442
75.15,63.1,0.041801
76.2,63.1,0.0391
77.2,63.1,0.036133
78.25,63.1,0.033641
79.25,63.1,0.031188
80.3,63.1,0.029442
81.3,63.1,0.02909
82.35,63.1,0.029118
83.4,63.1,0.029543
84.6,63.1,0.031059
85.65,63.1,0.0334
86.65,63.1,0.03544
87.65,63.1,0.037664
88.7,63.1,0.03917
89.7,63.1,0.040196
90.75,63.1,0.040748
91.75,63.1,0.041185
92.75,63.1,0.041663
93.8,63.1,0.041459
94.8,63.1,0.041379
95.8,63.1,0.041204
96.85,63.1,0.041133
97.9,63.1,0.040899
98.9,63.1,0.040474
99.95,63.1,0.0397
100.95,63.1,0.038973
102.0,63.1,0.038068
103.0,63.1,0.037753
104.0,63.1,0.03812
105.05,63.1,0.038986
106.15,63.1,0.040227
107.2,63.1,0.042094
108.2,63.1,0.043832
109.2,63.1,0.045292
110.25,63.1,0.046386
111.3,63.1,0.047267
112.3,63.1,0.04783
113.3,63.1,0.047575
114.35,63.1,0.046918
115.35,63.1,0.045695
116.4,63.1,0.044112
117.45,63.1,0.04267
118.45,63.1,0.041761
119.5,63.1,0.041074
120.5,63.1,0.040886
121.55,63.1,0.040341
122.55,63.1,0.040076
123.55,63.1,0.03942
124.6,63.1,0.038419
125.6,63.1,0.036817
126.65,63.1,0.034981
127.65,63.1,0.033274
128.7,63.1,0.03052
129.7,63.1,0.028185
130.7,63.1,0.025896
131.75,63.1,0.024512
132.75,63.1,0.02405
133.75,63.1,0.02487
134.8,63.1,0.0269
135.8,63.1,0.029981
136.8,63.1,0.034149
137.85,63.1,0.039241
138.9,63.1,0.046028
139.9,63.1,0.053052
140.95,63.1,0.062085
142.0,63.1,0.071472
143.0,63.1,0.081928
144.05,63.1,0.094124
145.1,63.1,0.108714
146.1,63.1,0.124482
147.15,63.1,0.141296
148.15,63.1,0.15873
149.25,63.1,0.178311
150.25,63.1,0.196887
151.3,63.1,0.215775
152.3,63.1,0.232217
153.3,63.1,0.246425
154.35,63.1,0.257078
155.35,63.1,0.263077
156.4,63.1,0.263951
157.45,63.1,0.258459
158.45,63.1,0.24657
159.5,63.1,0.226915
160.55,63.1,0.199025
161.6,63.1,0.164722
162.6,63.1,0.124666
163.65,63.1,0.080307
164.65,63.1,0.035073
165.65,63.1,0.030052
166.65,63.1,0.074839
167.7,63.1,0.12425
168.75,63.1,0.171881
169.7,63.1,0.214207
170.7,63.1,0.251339
171.75,63.1,0.281197
172.75,63.1,0.305923
173.75,63.1,0.323739
174.8,63.1,0.334047
175.85,63.1,0.337941
176.85,63.1,0.33531
177.85,63.1,0.327824
178.9,63.1,0.316752
179.9,63.1,0.30238
180.9,63.1,0.285449
181.95,63.1,0.267901
183.0,63.1,0.249503
184.05,63.1,0.230828
185.05,63.1,0.212445
186.05,63.1,0.194789
187.1,63.1,0.178594
188.1,63.1,0.163117
189.1,63.1,0.148822
0.0,72.1,0.054762
1.05,72.1,0.054679
2.05,72.1,0.054864
3.1,72.1,0.055175
4.15,72.1,0.055119
5.15,72.1,0.055483
6.2,72.1,0.055754
7.2,72.1,0.056164
8.25,72.1,0.056499
9.25,72.1,0.055973
10.3,72.1,0.055153
11.3,72.1,0.053795
12.35,72.1,0.052356
13.4,72.1,0.050948
14.4,72.1,0.049996
15.45,72.1,0.049448
16.45,72.1,0.049423
17.5,72.1,0.049448
18.5,72.1,0.0495
19.5,72.1,0.049648
20.6,72.1,0.049439
21.6,72.1,0.049192
22.6,72.1,0.048644
23.6,72.1,0.047793
24.75,72.1,0.046903
25.75,72.1,0.045822
26.8,72.1,0.044688
27.8,72.1,0.043853
28.8,72.1,0.042347
29.85,72.1,0.041429
30.9,72.1,0.040883
31.9,72.1,0.040144
32.9,72.1,0.039996
33.9,72.1,0.040551
34.95,72.1,0.040742
35.95,72.1,0.041577
37.0,72.1,0.042726
38.05,72.1,0.043305
39.1,72.1,0.044284
40.05,72.1,0.044593
41.1,72.1,0.045323
42.15,72.1,0.04593
43.15,72.1,0.046737
44.15,72.1,0.047581
45.15,72.1,0.04902
46.2,72.1,0.050206
47.2,72.1,0.051336
48.2,72.1,0.052365
49.25,72.1,0.053197
50.25,72.1,0.054109
51.3,72.1,0.054768
52.35,72.1,0.055045
53.4,72.1,0.055045
54.4,72.1,0.054993
55.4,72.1,0.055276
56.45,72.1,0.054676
57.5,72.1,0.053822
58.55,72.1,0.053514
59.6,72.1,0.053274
60.65,72.1,0.053296
61.7,72.1,0.053363
62.7,72.1,0.05373
63.75,72.1,0.053949
64.75,72.1,0.054389
65.75,72.1,0.05405
66.8,72.1,0.053366
67.85,72.1,0.052076
68.9,72.1,0.050332
69.9,72.1,0.049035
70.95,72.1,0.04727
71.95,72.1,0.045255
73.0,72.1,0.042984
74.0,72.1,0.04039
75.05,72.1,0.037328
76.05,72.1,0.034568
77.05,72.1,0.032242
78.1,72.1,0.029894
79.1,72.1,0.02792
80.1,72.1,0.026814
81.1,72.1,0.025948
82.15,72.1,0.026441
83.2,72.1,0.027273
84.2,72.1,0.028336
85.25,72.1,0.030406
86.25,72.1,0.032476
87.25,72.1,0.034291
88.3,72.1,0.036336
89.3,72.1,0.037861
90.35,72.1,0.038721
91.4,72.1,0.039294
92.45,72.1,0.03914
93.45,72.1,0.039553
94.5,72.1,0.039596
95.5,72.1,0.039953
96.5,72.1,0.039583
97.5,72.1,0.039941
98.6,72.1,0.040116
99.6,72.1,0.040381
100.65,72.1,0.040658
101.65,72.1,0.041108
102.75,72.1,0.041583
103.8,72.1,0.042347
104.85,72.1,0.043354
105.9,72.1,0.044586
106.9,72.1,0.046099
107.95,72.1,0.047448
109.0,72.1,0.048305
110.0,72.1,0.048878
111.0,72.1,0.049263
112.0,72.1,0.049047
113.05,72.1,0.048357
114.1,72.1,0.047341
115.1,72.1,0.045813
116.15,72.1,0.044084
117.2,72.1,0.041962
118.2,72.1,0.040486
119.25,72.1,0.039257
120.25,72.1,0.038527
121.25,72.1,0.038604
122.3,72.1,0.038594
123.35,72.1,0.038422
124.35,72.1,0.038597
125.4,72.1,0.038733
126.4,72.1,0.037997
127.45,72.1,0.0369
128.45,72.1,0.0356
129.45,72.1,0.034149
130.45,72.1,0.032652
131.5,72.1,0.030434
132.5,72.1,0.028853
133.55,72.1,0.027938
134.6,72.1,0.027898
135.6,72.1,0.028668
136.65,72.1,0.030914
137.65,72.1,0.034519
138.7,72.1,0.039666
139.7,72.1,0.046099
140.75,72.1,0.053616
141.8,72.1,0.062624
142.85,72.1,0.072316
143.85,72.1,0.082892
144.9,72.1,0.095279
145.95,72.1,0.109999
147.0,72.1,0.126059
148.05,72.1,0.1434
149.05,72.1,0.161157
150.1,72.1,0.179534
151.1,72.1,0.197833
152.15,72.1,0.215708
153.2,72.1,0.231274
154.25,72.1,0.244241
155.3,72.1,0.252313
156.3,72.1,0.255566
157.35,72.1,0.252879
158.35,72.1,0.244072
159.35,72.1,0.228449
160.35,72.1,0.205107
161.4,72.1,0.175181
162.45,72.1,0.13946
163.5,72.1,0.097448
164.5,72.1,0.056225
165.5,72.1,0.027772
166.55,72.1,0.056783
167.5,72.1,0.101198
168.6,72.1,0.148332
169.6,72.1,0.191271
170.6,72.1,0.230369
171.6,72.1,0.263311
172.65,72.1,0.289971
173.7,72.1,0.310701
174.7,72.1,0.32385
175.75,72.1,0.330245
176.8,72.1,0.330714
177.85,72.1,0.325969
178.85,72.1,0.316635
179.9,72.1,0.303773
180.9,72.1,0.28812
181.9,72.1,0.271327
182.95,72.1,0.253628
183.95,72.1,0.235144
184.95,72.1,0.217162
186.0,72.1,0.199321
187.0,72.1,0.183018
188.05,72.1,0.16803
189.05,72.1,0.154247
0.1,81.1,0.062036
0.95,81.1,0.062886
1.95,81.1,0.063212
2.95,81.1,0.063708
4.05,81.1,0.063505
5.1,81.1,0.063585
6.1,81.1,0.063043
7.1,81.1,0.06296
8.15,81.1,0.062495
9.2,81.1,0.061721
10.25,81.1,0.060603
11.3,81.1,0.059503
12.3,81.1,0.058277
13.3,81.1,0.056632
14.35,81.1,0.055092
15.35,81.1,0.053502
16.35,81.1,0.051854
17.4,81.1,0.050471
18.4,81.1,0.049149
19.45,81.1,0.048163
20.45,81.1,0.047159
21.5,81.1,0.046478
22.5,81.1,0.046506
23.5,81.1,0.046555
24.5,81.1,0.046626
25.55,81.1,0.046441
26.6,81.1,0.046047
27.55,81.1,0.045739
28.6,81.1,0.045378
29.7,81.1,0.045008
30.7,81.1,0.044719
31.7,81.1,0.044346
32.75,81.1,0.043856
33.8,81.1,0.043487
34.8,81.1,0.043462
35.85,81.1,0.043594
36.85,81.1,0.043961
37.85,81.1,0.043835
38.85,81.1,0.044155
39.9,81.1,0.044916
40.9,81.1,0.045649
41.95,81.1,0.046829
42.95,81.1,0.048058
44.0,81.1,0.049331
45.0,81.1,0.050702
46.05,81.1,0.052233
47.1,81.1,0.053986
48.1,81.1,0.055748
49.15,81.1,0.056755
50.15,81.1,0.057658
51.2,81.1,0.057991
52.25,81.1,0.057692
53.25,81.1,0.057621
54.3,81.1,0.057297
55.3,81.1,0.05735
56.3,81.1,0.057387
57.35,81.1,0.057377
58.35,81.1,0.057827
59.4,81.1,0.057809
60.4,81.1,0.057889
61.4,81.1,0.057553
62.45,81.1,0.057396
63.45,81.1,0.056623
64.5,81.1,0.055714
65.5,81.1,0.054734
66.55,81.1,0.053212
67.6,81.1,0.051318
68.6,81.1,0.049799
69.65,81.1,0.049032
70.65,81.1,0.047889
71.7,81.1,0.046955
72.7,81.1,0.045464
73.75,81.1,0.043345
74.8,81.1,0.041059
75.8,81.1,0.038699
76.8,81.1,0.036959
77.8,81.1,0.035443
78.85,81.1,0.034248
79.9,81.1,0.033514
80.9,81.1,0.032624
81.9,81.1,0.032291
82.95,81.1,0.032415
84.0,81.1,0.032929
85.0,81.1,0.034109
86.0,81.1,0.03548
87.05,81.1,0.037174
88.05,81.1,0.039186
89.0,81.1,0.040461
90.05,81.1,0.041333
91.1,81.1,0.041687
92.1,81.1,0.042029
93.2,81.1,0.042307
94.2,81.1,0.042686
95.2,81.1,0.042775
96.2,81.1,0.043243
97.25,81.1,0.043222
98.3,81.1,0.042991
99.3,81.1,0.043068
100.3,81.1,0.043058
101.35,81.1,0.043065
102.35,81.1,0.043231
103.4,81.1,0.043601
104.4,81.1,0.044593
105.45,81.1,0.045865
106.45,81.1,0.04714
107.5,81.1,0.048212
108.5,81.1,0.049556
109.55,81.1,0.049861
110.5,81.1,0.050674
111.55,81.1,0.050933
112.6,81.1,0.050548
113.6,81.1,0.050286
114.65,81.1,0.04942
115.65,81.1,0.048619
116.7,81.1,0.04714
117.7,81.1,0.045991
118.75,81.1,0.044697
119.75,81.1,0.043807
120.8,81.1,0.043209
121.8,81.1,0.042803
122.8,81.1,0.042599
123.85,81.1,0.042744
124.85,81.1,0.042279
125.9,81.1,0.041955
126.9,81.1,0.041629
127.95,81.1,0.040643
128.95,81.1,0.039124
129.95,81.1,0.037661
131.0,81.1,0.035825
132.05,81.1,0.034174
133.1,81.1,0.032689
134.1,81.1,0.03165
135.1,81.1,0.031127
136.1,81.1,0.031755
137.15,81.1,0.03328
138.2,81.1,0.035766
139.2,81.1,0.040421
140.25,81.1,0.046382
141.3,81.1,0.053326
142.3,81.1,0.061974
143.3,81.1,0.071792
144.35,81.1,0.082858
145.4,81.1,0.095979
146.45,81.1,0.110504
147.45,81.1,0.126185
148.45,81.1,0.142608
149.45,81.1,0.159595
150.5,81.1,0.177171
151.5,81.1,0.194195
152.55,81.1,0.210932
153.55,81.1,0.225529
154.55,81.1,0.237402
155.6,81.1,0.245637
156.6,81.1,0.249235
157.65,81.1,0.247346
158.65,81.1,0.238813
159.65,81.1,0.223834
160.7,81.1,0.202427
161.7,81.1,0.174278
162.7,81.1,0.141826
163.7,81.1,0.103
164.75,81.1,0.063385
165.75,81.1,0.032421
166.7,81.1,0.050655
167.8,81.1,0.093644
168.8,81.1,0.139401
169.85,81.1,0.182008
170.9,81.1,0.221835
171.9,81.1,0.255538
172.95,81.1,0.282913
173.95,81.1,0.304065
175.0,81.1,0.318612
176.0,81.1,0.326262
177.05,81.1,0.327651
178.1,81.1,0.323344
179.15,81.1,0.314432
180.15,81.1,0.3021
181.2,81.1,0.28743
182.2,81.1,0.271099
183.2,81.1,0.253982
184.25,81.1,0.236096
185.25,81.1,0.21889
186.3,81.1,0.201795
187.3,81.1,0.186348
188.25,81.1,0.172035
189.3,81.1,0.158289
0.05,90.1,0.05767
0.95,90.1,0.057528
1.95,90.1,0.057553
2.95,90.1,0.057605
4.0,90.1,0.057267
5.0,90.1,0.056835
6.05,90.1,0.056158
7.05,90.1,0.055409
8.2,90.1,0.054743
9.25,90.1,0.053964
10.25,90.1,0.053487
11.3,90.1,0.053145
12.3,90.1,0.052701
13.3,90.1,0.052307
14.35,90.1,0.052143
15.4,90.1,0.052002
16.45,90.1,0.051832
17.45,90.1,0.052495
18.45,90.1,0.053182
19.5,90.1,0.053884
20.55,90.1,0.054349
21.55,90.1,0.054725
22.6,90.1,0.054654
23.6,90.1,0.054472
24.65,90.1,0.054374
25.65,90.1,0.053995
26.65,90.1,0.053169
27.65,90.1,0.052291
28.7,90.1,0.051512
29.75,90.1,0.051093
30.75,90.1,0.050643
31.8,90.1,0.050122
32.8,90.1,0.049463
33.85,90.1,0.049309
34.9,90.1,0.048943
35.95,90.1,0.04877
36.95,90.1,0.049164
38.0,90.1,0.049389
39.05,90.1,0.050206
40.05,90.1,0.051281
41.05,90.1,0.052667
42.2,90.1,0.054827
43.25,90.1,0.056512
44.25,90.1,0.057861
45.25,90.1,0.058825
46.35,90.1,0.059931
47.35,90.1,0.060464
48.4,90.1,0.061327
49.4,90.1,0.062128
50.45,90.1,0.062997
51.45,90.1,0.06357
52.5,90.1,0.064056
53.55,90.1,0.064355
54.55,90.1,0.064324
55.6,90.1,0.064802
56.6,90.1,0.065061
57.6,90.1,0.065326
58.6,90.1,0.06593
59.7,90.1,0.066241
60.7,90.1,0.066053
61.75,90.1,0.065757
62.75,90.1,0.065116
63.85,90.1,0.064374
64.9,90.1,0.063064
65.9,90.1,0.061179
66.95,90.1,0.058795
67.95,90.1,0.056777
68.95,90.1,0.055255
70.0,90.1,0.053952
71.0,90.1,0.052793
72.0,90.1,0.051191
73.0,90.1,0.04942
74.05,90.1,0.046832
75.1,90.1,0.044491
76.1,90.1,0.042396
77.1,90.1,0.040806
78.15,90.1,0.039472
79.2,90.1,0.038154
80.2,90.1,0.037495
81.2,90.1,0.037128
82.25,90.1,0.03739
83.25,90.1,0.038105
84.3,90.1,0.039703
85.35,90.1,0.041333
86.4,90.1,0.043597
87.4,90.1,0.045643
88.4,90.1,0.04739
89.45,90.1,0.048872
90.45,90.1,0.049472
91.45,90.1,0.049756
92.5,90.1,0.050181
93.65,90.1,0.04974
94.7,90.1,0.049325
95.75,90.1,0.048622
96.8,90.1,0.04836
97.85,90.1,0.04832
98.9,90.1,0.048379
99.9,90.1,0.048311
100.9,90.1,0.048788
101.95,90.1,0.048927
103.0,90.1,0.049531
104.0,90.1,0.050021
105.05,90.1,0.050967
106.1,90.1,0.05255
107.1,90.1,0.054312
108.1,90.1,0.056253
109.15,90.1,0.05828
110.15,90.1,0.059528
111.2,90.1,0.060175
112.25,90.1,0.060212
113.3,90.1,0.059106
114.3,90.1,0.057901
115.3,90.1,0.056419
116.35,90.1,0.055665
117.35,90.1,0.054981
118.35,90.1,0.054251
119.4,90.1,0.053505
120.45,90.1,0.052633
121.45,90.1,0.051672
122.5,90.1,0.050893
123.55,90.1,0.04978
124.55,90.1,0.048625
125.6,90.1,0.047304
126.6,90.1,0.045748
127.65,90.1,0.043795
128.7,90.1,0.04223
129.75,90.1,0.040603
130.75,90.1,0.039633
131.75,90.1,0.038678
132.75,90.1,0.037904
133.8,90.1,0.037411
134.85,90.1,0.037482
135.85,90.1,0.037713
136.9,90.1,0.038607
137.95,90.1,0.040172
138.95,90.1,0.043292
140.0,90.1,0.047159
141.05,90.1,0.052599
142.1,90.1,0.059651
143.15,90.1,0.06804
144.2,90.1,0.078499
145.35,90.1,0.091697
146.35,90.1,0.104854
147.4,90.1,0.120289
148.4,90.1,0.135874
149.5,90.1,0.153924
150.55,90.1,0.170363
151.55,90.1,0.186456
152.6,90.1,0.203194
153.65,90.1,0.220171
154.7,90.1,0.232337
155.7,90.1,0.241903
156.75,90.1,0.24678
157.8,90.1,0.246419
158.8,90.1,0.239712
159.85,90.1,0.226311
160.9,90.1,0.206043
161.9,90.1,0.179463
162.95,90.1,0.147926
163.95,90.1,0.112076
164.95,90.1,0.073798
166.0,90.1,0.042433
167.05,90.1,0.048086
168.05,90.1,0.084448
169.05,90.1,0.126995
170.1,90.1,0.169223
171.15,90.1,0.208289
172.15,90.1,0.242337
173.15,90.1,0.269146
174.2,90.1,0.29076
175.2,90.1,0.305396
176.25,90.1,0.314364
177.25,90.1,0.317198
178.3,90.1,0.314629
179.35,90.1,0.307562
180.4,90.1,0.296379
181.4,90.1,0.282741
182.45,90.1,0.267239
183.5,90.1,0.250572
184.5,90.1,0.233776
185.5,90.1,0.216444
186.55,90.1,0.199392
187.6,90.1,0.183607
188.6,90.1,0.169583
189.65,90.1,0.156256
0.05,99.2,0.052578
0.95,99.2,0.052596
2.0,99.2,0.052202
3.05,99.2,0.051666
4.1,99.2,0.051191
5.1,99.2,0.050963
6.15,99.2,0.050612
7.15,99.2,0.050504
8.2,99.2,0.050209
9.25,99.2,0.050193
10.25,99.2,0.050027
11.3,99.2,0.050304
12.3,99.2,0.050166
13.3,99.2,0.050218
14.35,99.2,0.050203
15.35,99.2,0.050378
16.4,99.2,0.050483
17.4,99.2,0.050548
18.4,99.2,0.051487
19.45,99.2,0.05178
20.5,99.2,0.052076
21.55,99.2,0.052085
22.55,99.2,0.05206
23.6,99.2,0.052125
24.65,99.2,0.051928
25.65,99.2,0.051882
26.65,99.2,0.051225
27.7,99.2,0.050705
28.75,99.2,0.050107
29.75,99.2,0.049479
30.8,99.2,0.048893
31.8,99.2,0.047938
32.85,99.2,0.047646
33.9,99.2,0.047504
34.9,99.2,0.047686
35.9,99.2,0.047954
36.9,99.2,0.048379
37.9,99.2,0.048394
38.95,99.2,0.048601
40.0,99.2,0.04914
41.0,99.2,0.049398
42.0,99.2,0.050372
43.05,99.2,0.05165
44.05,99.2,0.053095
45.1,99.2,0.054596
46.1,99.2,0.055967
47.1,99.2,0.057082
48.15,99.2,0.058434
49.2,99.2,0.059475
50.2,99.2,0.060249
51.2,99.2,0.060849
52.25,99.2,0.061771
53.25,99.2,0.062387
54.25,99.2,0.063018
55.25,99.2,0.063607
56.3,99.2,0.063887
57.35,99.2,0.064537
58.35,99.2,0.064602
59.35,99.2,0.064747
60.4,99.2,0.064562
61.4,99.2,0.064063
62.45,99.2,0.063052
63.45,99.2,0.061429
64.5,99.2,0.06003
65.5,99.2,0.057901
66.5,99.2,0.05544
67.55,99.2,0.05284
68.55,99.2,0.050662
69.55,99.2,0.049358
70.6,99.2,0.048865
71.6,99.2,0.048222
72.6,99.2,0.047076
73.65,99.2,0.045637
74.7,99.2,0.044235
75.7,99.2,0.042304
76.8,99.2,0.040665
77.8,99.2,0.039318
78.85,99.2,0.038172
79.9,99.2,0.03661
80.9,99.2,0.035997
81.95,99.2,0.035745
82.95,99.2,0.035853
84.0,99.2,0.036743
85.0,99.2,0.038049
86.0,99.2,0.040076
87.0,99.2,0.042883
88.05,99.2,0.045443
89.05,99.2,0.047763
90.05,99.2,0.049272
91.1,99.2,0.049411
92.15,99.2,0.049488
93.15,99.2,0.049408
94.15,99.2,0.049549
95.2,99.2,0.048859
96.25,99.2,0.048721
97.25,99.2,0.04824
98.3,99.2,0.048711
99.35,99.2,0.048573
100.4,99.2,0.049158
101.4,99.2,0.049503
102.4,99.2,0.049864
103.4,99.2,0.0506
104.4,99.2,0.051327
105.45,99.2,0.052156
106.45,99.2,0.053185
107.5,99.2,0.053902
108.5,99.2,0.0547
109.55,99.2,0.055581
110.55,99.2,0.055951
111.55,99.2,0.055751
112.55,99.2,0.055449
113.6,99.2,0.054827
114.6,99.2,0.054097
115.65,99.2,0.052886
116.7,99.2,0.051752
117.75,99.2,0.050557
118.75,99.2,0.049155
119.75,99.2,0.047676
120.8,99.2,0.046293
121.8,99.2,0.045119
122.8,99.2,0.044331
123.8,99.2,0.043862
124.85,99.2,0.044023
125.85,99.2,0.044386
126.9,99.2,0.044097
127.95,99.2,0.043983
128.95,99.2,0.043237
130.0,99.2,0.042655
131.05,99.2,0.041878
132.05,99.2,0.041191
133.1,99.2,0.040452
134.1,99.2,0.039365
135.1,99.2,0.038946
136.15,99.2,0.03902
137.2,99.2,0.039793
138.25,99.2,0.041974
139.3,99.2,0.04539
140.25,99.2,0.049864
141.3,99.2,0.055578
142.35,99.2,0.063018
143.35,99.2,0.071007
144.4,99.2,0.080643
145.5,99.2,0.092575
146.55,99.2,0.104996
147.55,99.2,0.118733
148.55,99.2,0.133908
149.55,99.2,0.149691
150.6,99.2,0.16568
151.65,99.2,0.181706
152.7,99.2,0.197303
153.75,99.2,0.212719
154.75,99.2,0.225757
155.8,99.2,0.234715
156.8,99.2,0.239906
157.85,99.2,0.240329
158.9,99.2,0.235091
159.9,99.2,0.223979
160.9,99.2,0.206425
161.9,99.2,0.183489
162.9,99.2,0.156502
163.9,99.2,0.124069
164.95,99.2,0.088899
165.95,99.2,0.05792
166.95,99.2,0.048175
168.0,99.2,0.073604
169.0,99.2,0.111231
170.05,99.2,0.151872
171.05,99.2,0.189774
172.1,99.2,0.223696
173.1,99.2,0.252118
174.15,99.2,0.274435
175.2,99.2,0.291764
176.25,99.2,0.302346
177.25,99.2,0.307088
178.3,99.2,0.306647
179.35,99.2,0.300901
180.35,99.2,0.291807
181.35,99.2,0.280187
182.4,99.2,0.266964
183.4,99.2,0.252417
184.4,99.2,0.236829
185.4,99.2,0.221108
186.45,99.2,0.204515
187.45,99.2,0.189035
188.5,99.2,0.174029
189.5,99.2,0.159904
0.05,108.2,0.048604
0.95,108.2,0.048203
2.0,108.2,0.048246
3.05,108.2,0.047633
4.1,108.2,0.046638
5.1,108.2,0.045979
6.15,108.2,0.045686
7.15,108.2,0.045042
8.2,108.2,0.04499
9.2,108.2,0.044494
10.2,108.2,0.04467
11.3,108.2,0.044861
12.3,108.2,0.045015
13.3,108.2,0.045424
14.3,108.2,0.045643
15.35,108.2,0.046087
16.4,108.2,0.046028
17.4,108.2,0.046068
18.45,108.2,0.045933
19.5,108.2,0.046524
20.5,108.2,0.046062
21.5,108.2,0.046071
22.55,108.2,0.045569
23.6,108.2,0.045347
24.6,108.2,0.045067
25.65,108.2,0.044636
26.65,108.2,0.044241
27.7,108.2,0.044226
28.7,108.2,0.043819
29.75,108.2,0.043142
30.75,108.2,0.042196
31.8,108.2,0.040455
32.85,108.2,0.038869
33.9,108.2,0.037122
34.95,108.2,0.035708
35.95,108.2,0.035107
36.95,108.2,0.034827
38.0,108.2,0.035203
39.05,108.2,0.035837
40.05,108.2,0.036792
41.05,108.2,0.03788
42.1,108.2,0.039143
43.15,108.2,0.040893
44.15,108.2,0.042267
45.2,108.2,0.043825
46.2,108.2,0.044867
47.25,108.2,0.045785
48.25,108.2,0.046746
49.3,108.2,0.047535
50.3,108.2,0.048539
51.35,108.2,0.049072
52.35,108.2,0.049583
53.4,108.2,0.049867
54.5,108.2,0.05064
55.5,108.2,0.050976
56.55,108.2,0.051466
57.55,108.2,0.051284
58.6,108.2,0.051804
59.6,108.2,0.051777
60.6,108.2,0.051632
61.65,108.2,0.052097
62.65,108.2,0.052165
63.7,108.2,0.052039
64.75,108.2,0.051484
65.75,108.2,0.050523
66.75,108.2,0.049386
67.8,108.2,0.048012
68.75,108.2,0.0467
69.8,108.2,0.045455
70.85,108.2,0.044445
71.85,108.2,0.043252
72.9,108.2,0.041928
74.0,108.2,0.040119
75.0,108.2,0.038228
76.05,108.2,0.036207
77.05,108.2,0.034118
78.1,108.2,0.032393
79.1,108.2,0.030375
80.15,108.2,0.028641
81.15,108.2,0.027938
82.2,108.2,0.027596
83.2,108.2,0.027991
84.25,108.2,0.02848
85.25,108.2,0.030079
86.25,108.2,0.032495
87.25,108.2,0.034398
88.35,108.2,0.037042
89.4,108.2,0.038727
90.4,108.2,0.040036
91.4,108.2,0.040939
92.45,108.2,0.041114
93.5,108.2,0.041142
94.5,108.2,0.04109
95.5,108.2,0.04117
96.5,108.2,0.041352
97.55,108.2,0.041752
98.55,108.2,0.041706
99.6,108.2,0.041268
100.6,108.2,0.041296
101.65,108.2,0.040853
102.65,108.2,0.040788
103.65,108.2,0.041201
104.65,108.2,0.041453
105.7,108.2,0.041875
106.7,108.2,0.042615
107.75,108.2,0.043456
108.75,108.2,0.044602
109.7,108.2,0.045486
110.8,108.2,0.046681
111.9,108.2,0.04719
112.9,108.2,0.047319
113.95,108.2,0.047987
114.95,108.2,0.047963
116.0,108.2,0.047991
117.05,108.2,0.048117
118.1,108.2,0.047898
119.15,108.2,0.047584
120.15,108.2,0.04735
121.15,108.2,0.046937
122.2,108.2,0.046324
123.25,108.2,0.04564
124.25,108.2,0.04402
125.25,108.2,0.042113
126.3,108.2,0.039888
127.35,108.2,0.037193
128.35,108.2,0.034534
129.35,108.2,0.032174
130.4,108.2,0.029244
131.45,108.2,0.026786
132.5,108.2,0.025113
133.55,108.2,0.024411
134.6,108.2,0.024445
135.6,108.2,0.025853
136.6,108.2,0.02784
137.65,108.2,0.030548
138.7,108.2,0.034395
139.7,108.2,0.039759
140.75,108.2,0.045769
141.8,108.2,0.05215
142.8,108.2,0.059386
143.8,108.2,0.067723
144.85,108.2,0.076881
145.85,108.2,0.087082
146.9,108.2,0.098591
147.9,108.2,0.111401
148.9,108.2,0.126043
149.95,108.2,0.141333
151.0,108.2,0.157128
152.0,108.2,0.172565
153.0,108.2,0.187658
154.05,108.2,0.20198
155.05,108.2,0.214484
156.05,108.2,0.223597
157.1,108.2,0.229451
158.15,108.2,0.230178
159.15,108.2,0.225125
160.2,108.2,0.21413
161.2,108.2,0.196737
162.2,108.2,0.173573
163.25,108.2,0.145061
164.25,108.2,0.11076
165.3,108.2,0.073425
166.35,108.2,0.038246
167.35,108.2,0.032322
168.35,108.2,0.066164
169.4,108.2,0.107692
170.45,108.2,0.149589
171.45,108.2,0.187605
172.5,108.2,0.222254
173.5,108.2,0.250634
174.5,108.2,0.273264
175.55,108.2,0.290384
176.55,108.2,0.301527
177.6,108.2,0.307121
178.6,108.2,0.307433
179.65,108.2,0.30247
180.65,108.2,0.29409
181.65,108.2,0.282118
182.7,108.2,0.268585
183.7,108.2,0.253834
184.7,108.2,0.237457
185.7,108.2,0.220821
186.8,108.2,0.203493
187.85,108.2,0.188203
188.85,108.2,0.174294
189.85,108.2,0.160948
0.1,117.2,0.043496
0.9,117.2,0.043545
2.0,117.2,0.042932
3.05,117.2,0.042575
4.05,117.2,0.042223
5.05,117.2,0.042017
6.1,117.2,0.041626
7.1,117.2,0.041241
8.1,117.2,0.040791
9.15,117.2,0.041025
10.2,117.2,0.04044
11.2,117.2,0.040578
12.25,117.2,0.040477
13.3,117.2,0.040634
14.3,117.2,0.040699
15.35,117.2,0.040797
16.35,117.2,0.041145
17.35,117.2,0.041567
18.35,117.2,0.041626
19.4,117.2,0.041475
20.45,117.2,0.042146
21.5,117.2,0.042418
22.55,117.2,0.042667
23.55,117.2,0.043098
24.6,117.2,0.043243
25.6,117.2,0.042698
26.75,117.2,0.041952
27.8,117.2,0.041805
28.85,117.2,0.041142
29.85,117.2,0.040862
30.9,117.2,0.040166
31.95,117.2,0.039633
33.0,117.2,0.039312
34.0,117.2,0.03926
35.05,117.2,0.039759
36.05,117.2,0.04007
37.1,117.2,0.040446
38.15,117.2,0.040982
39.15,117.2,0.041734
40.15,117.2,0.041829
41.2,117.2,0.042026
42.2,117.2,0.042026
43.25,117.2,0.041906
44.3,117.2,0.041829
45.3,117.2,0.042482
46.35,117.2,0.042316
47.35,117.2,0.042787
48.35,117.2,0.043052
49.35,117.2,0.043622
50.4,117.2,0.044334
51.45,117.2,0.044978
52.5,117.2,0.04568
53.5,117.2,0.046124
54.55,117.2,0.046546
55.55,117.2,0.046878
56.65,117.2,0.046577
57.7,117.2,0.046118
58.7,117.2,0.045652
59.75,117.2,0.045199
60.7,117.2,0.045665
61.8,117.2,0.045982
62.85,117.2,0.046912
63.85,117.2,0.047599
64.9,117.2,0.047827
65.95,117.2,0.047599
66.95,117.2,0.046463
67.95,117.2,0.045424
69.0,117.2,0.043936
70.0,117.2,0.042522
71.05,117.2,0.041179
72.05,117.2,0.039731
73.05,117.2,0.037812
74.1,117.2,0.035369
75.15,117.2,0.033043
76.15,117.2,0.030757
77.15,117.2,0.02845
78.2,117.2,0.02682
79.25,117.2,0.025622
80.3,117.2,0.024546
81.3,117.2,0.024525
82.3,117.2,0.024901
83.35,117.2,0.025939
84.35,117.2,0.027519
85.4,117.2,0.02975
86.4,117.2,0.032365
87.45,117.2,0.034352
88.45,117.2,0.035665
89.5,117.2,0.036592
90.5,117.2,0.037057
91.55,117.2,0.037036
92.55,117.2,0.037242
93.6,117.2,0.03719
94.6,117.2,0.037214
95.65,117.2,0.03698
96.65,117.2,0.03702
97.7,117.2,0.036743
98.7,117.2,0.036635
99.75,117.2,0.036761
100.75,117.2,0.03653
101.8,117.2,0.036592
102.85,117.2,0.037103
103.9,117.2,0.037661
104.9,117.2,0.03857
105.9,117.2,0.039756
106.9,117.2,0.040819
107.95,117.2,0.041912
109.0,117.2,0.042636
110.05,117.2,0.043483
111.05,117.2,0.044134
112.1,117.2,0.044586
113.1,117.2,0.04503
114.15,117.2,0.044898
115.15,117.2,0.044217
116.15,117.2,0.043527
117.2,117.2,0.041931
118.2,117.2,0.040335
119.2,117.2,0.03841
120.25,117.2,0.03662
121.35,117.2,0.034762
122.35,117.2,0.03349
123.35,117.2,0.032085
124.35,117.2,0.031284
125.45,117.2,0.031007
126.5,117.2,0.031481
127.5,117.2,0.03219
128.55,117.2,0.033326
129.55,117.2,0.033835
130.6,117.2,0.034063
131.65,117.2,0.033859
132.65,117.2,0.033684
133.7,117.2,0.033329
134.75,117.2,0.033154
135.75,117.2,0.034023
136.8,117.2,0.034331
137.85,117.2,0.035963
138.85,117.2,0.038012
139.9,117.2,0.041527
140.9,117.2,0.046287
142.0,117.2,0.051903
143.0,117.2,0.058665
144.0,117.2,0.065988
145.05,117.2,0.075064
146.05,117.2,0.085064
147.05,117.2,0.097045
148.1,117.2,0.110027
149.1,117.2,0.124947
150.15,117.2,0.140455
151.15,117.2,0.155634
152.2,117.2,0.17055
153.2,117.2,0.184771
154.2,117.2,0.198249
155.2,117.2,0.209691
156.25,117.2,0.219118
157.25,117.2,0.224691
158.25,117.2,0.226456
159.3,117.2,0.222827
160.3,117.2,0.213948
161.35,117.2,0.19868
162.35,117.2,0.178431
163.35,117.2,0.153724
164.4,117.2,0.122556
165.4,117.2,0.087113
166.45,117.2,0.052183
167.5,117.2,0.033939
168.5,117.2,0.056878
169.55,117.2,0.093748
170.55,117.2,0.133086
171.55,117.2,0.170138
172.55,117.2,0.203631
173.6,117.2,0.234102
174.6,117.2,0.258052
175.65,117.2,0.27706
176.75,117.2,0.290338
177.75,117.2,0.297426
178.8,117.2,0.299145
179.8,117.2,0.295874
180.9,117.2,0.287688
181.95,117.2,0.276989
182.95,117.2,0.263757
184.0,117.2,0.248563
185.0,117.2,0.232836
186.05,117.2,0.216167
187.1,117.2,0.199598
188.1,117.2,0.184509
189.1,117.2,0.170896
0.1,126.2,0.04133
0.9,126.2,0.040856
1.9,126.2,0.040064
2.95,126.2,0.039553
4.0,126.2,0.03902
5.0,126.2,0.03841
6.05,126.2,0.038086
7.1,126.2,0.038018
8.15,126.2,0.037692
9.15,126.2,0.037858
10.2,126.2,0.038234
11.2,126.2,0.038419
12.2,126.2,0.038798
13.25,126.2,0.03873
14.3,126.2,0.038825
15.3,126.2,0.038727
16.35,126.2,0.039001
17.4,126.2,0.038967
18.45,126.2,0.039001
19.45,126.2,0.038936
20.45,126.2,0.039047
21.5,126.2,0.038872
22.5,126.2,0.038992
23.55,126.2,0.038579
24.6,126.2,0.038638
25.65,126.2,0.038292
26.7,126.2,0.038163
27.7,126.2,0.038185
28.75,126.2,0.038142
29.75,126.2,0.038231
30.75,126.2,0.03784
31.75,126.2,0.03731
32.75,126.2,0.037011
33.8,126.2,0.036367
34.8,126.2,0.035914
35.85,126.2,0.035554
36.9,126.2,0.035501
37.9,126.2,0.035874
38.9,126.2,0.03601
39.9,126.2,0.036037
40.95,126.2,0.035538
41.95,126.2,0.035514
43.0,126.2,0.035307
44.05,126.2,0.034845
45.05,126.2,0.034885
46.1,126.2,0.034864
47.1,126.2,0.035923
48.15,126.2,0.037032
49.2,126.2,0.03841
50.2,126.2,0.039528
51.25,126.2,0.040649
52.25,126.2,0.041598
53.3,126.2,0.042482
54.3,126.2,0.042852
55.3,126.2,0.042947
56.35,126.2,0.043591
57.35,126.2,0.043881
58.4,126.2,0.044303
59.4,126.2,0.045138
60.5,126.2,0.045412
61.55,126.2,0.045757
62.55,126.2,0.045492
63.6,126.2,0.045434
64.6,126.2,0.044747
65.65,126.2,0.043819
66.75,126.2,0.042744
67.75,126.2,0.041139
68.85,126.2,0.039842
69.85,126.2,0.038628
70.85,126.2,0.037667
71.9,126.2,0.037196
72.95,126.2,0.036361
74.0,126.2,0.035233
75.05,126.2,0.033995
76.05,126.2,0.031971
77.05,126.2,0.029968
78.1,126.2,0.02836
79.1,126.2,0.026931
80.15,126.2,0.025566
81.2,126.2,0.025301
82.25,126.2,0.025246
83.25,126.2,0.025951
84.3,126.2,0.027439
85.35,126.2,0.029303
86.4,126.2,0.031216
87.45,126.2,0.032963
88.45,126.2,0.034081
89.5,126.2,0.035079
90.55,126.2,0.035431
91.55,126.2,0.035464
92.55,126.2,0.035699
93.55,126.2,0.034925
94.6,126.2,0.03402
95.65,126.2,0.034087
96.7,126.2,0.033354
97.7,126.2,0.032904
98.7,126.2,0.032609
99.75,126.2,0.032245
100.75,126.2,0.031515
101.75,126.2,0.03206
102.85,126.2,0.031959
103.85,126.2,0.031897
104.85,126.2,0.032458
105.9,126.2,0.033222
106.95,126.2,0.03401
107.95,126.2,0.035326
109.0,126.2,0.0365
110.0,126.2,0.037951
111.05,126.2,0.03913
112.1,126.2,0.039747
113.15,126.2,0.03962
114.1,126.2,0.039106
115.15,126.2,0.038194
116.2,126.2,0.03653
117.2,126.2,0.034442
118.25,126.2,0.032889
119.25,126.2,0.030643
120.3,126.2,0.028915
121.3,126.2,0.027048
122.35,126.2,0.025825
123.35,126.2,0.025039
124.4,126.2,0.024512
125.45,126.2,0.024553
126.45,126.2,0.024516
127.45,126.2,0.02462
128.5,126.2,0.024463
129.5,126.2,0.024112
130.5,126.2,0.023804
131.55,126.2,0.023339
132.55,126.2,0.022224
133.55,126.2,0.021124
134.6,126.2,0.019987
135.6,126.2,0.019321
136.65,126.2,0.019241
137.65,126.2,0.020575
138.7,126.2,0.022772
139.7,126.2,0.026734
140.7,126.2,0.031518
141.75,126.2,0.03686
142.8,126.2,0.043443
143.8,126.2,0.050378
144.8,126.2,0.059038
145.85,126.2,0.068394
146.85,126.2,0.079411
147.9,126.2,0.091533
148.95,126.2,0.104753
149.95,126.2,0.119026
150.95,126.2,0.133995
152.05,126.2,0.149183
153.05,126.2,0.163807
154.1,126.2,0.177984
155.15,126.2,0.190926
156.15,126.2,0.202054
157.15,126.2,0.209484
158.2,126.2,0.213653
159.25,126.2,0.213323
160.25,126.2,0.207932
161.25,126.2,0.196715
162.3,126.2,0.179488
163.3,126.2,0.156586
164.35,126.2,0.128046
165.35,126.2,0.094879
166.35,126.2,0.059497
167.4,126.2,0.022778
168.45,126.2,0.029885
169.45,126.2,0.068862
170.5,126.2,0.110822
171.5,126.2,0.150255
172.5,126.2,0.185473
173.55,126.2,0.217879
174.6,126.2,0.245621
175.6,126.2,0.266752
176.6,126.2,0.282497
177.65,126.2,0.293267
178.65,126.2,0.297836
179.7,126.2,0.29755
180.85,126.2,0.292143
181.85,126.2,0.283813
182.85,126.2,0.272781
183.85,126.2,0.259996
184.9,126.2,0.245862
185.9,126.2,0.231188
186.9,126.2,0.215763
187.9,126.2,0.200563
188.9,126.2,0.186173
189.95,126.2,0.172322
0.1,135.2,0.042569
0.95,135.2,0.042855
2.1,135.2,0.042211
3.1,135.2,0.041811
4.1,135.2,0.041201
5.1,135.2,0.040347
6.15,135.2,0.03974
7.15,135.2,0.039309
8.2,135.2,0.038844
9.25,135.2,0.038915
10.3,135.2,0.038958
11.35,135.2,0.039112
12.35,135.2,0.038403
13.4,135.2,0.038148
14.4,135.2,0.037442
15.4,135.2,0.037575
16.45,135.2,0.037689
17.45,135.2,0.038179
18.5,135.2,0.038659
19.55,135.2,0.038955
20.6,135.2,0.038767
21.65,135.2,0.038998
22.65,135.2,0.038989
23.7,135.2,0.039608
24.75,135.2,0.04019
25.75,135.2,0.041148
26.85,135.2,0.04215
27.85,135.2,0.042772
28.85,135.2,0.043219
29.85,135.2,0.043579
30.9,135.2,0.043437
31.9,135.2,0.042981
32.95,135.2,0.042445
33.95,135.2,0.041675
35.05,135.2,0.040628
36.1,135.2,0.039771
37.15,135.2,0.038847
38.15,135.2,0.038252
39.15,135.2,0.038151
40.2,135.2,0.038289
41.25,135.2,0.03848
42.3,135.2,0.038847
43.3,135.2,0.039238
44.35,135.2,0.0393
45.4,135.2,0.039451
46.45,135.2,0.039472
47.45,135.2,0.039334
48.45,135.2,0.039577
49.5,135.2,0.040073
50.5,135.2,0.040631
51.5,135.2,0.041164
52.55,135.2,0.041158
53.6,135.2,0.041567
54.6,135.2,0.042168
55.6,135.2,0.042796
56.65,135.2,0.043071
57.7,135.2,0.043443
58.7,135.2,0.043872
59.75,135.2,0.04389
60.75,135.2,0.043862
61.8,135.2,0.043092
62.85,135.2,0.042596
64.05,135.2,0.041617
65.05,135.2,0.040834
66.1,135.2,0.040089
67.1,135.2,0.039143
68.15,135.2,0.037914
69.15,135.2,0.036352
70.2,135.2,0.035326
71.25,135.2,0.034466
72.25,135.2,0.034512
73.3,135.2,0.034608
74.35,135.2,0.034793
75.35,135.2,0.034839
76.4,135.2,0.034589
77.4,135.2,0.033899
78.45,135.2,0.033185
79.4,135.2,0.032223
80.45,135.2,0.031053
81.45,135.2,0.030643
82.5,135.2,0.030215
83.5,135.2,0.030387
84.55,135.2,0.031675
85.5,135.2,0.032701
86.55,135.2,0.034007
87.55,135.2,0.035403
88.6,135.2,0.03654
89.6,135.2,0.037827
90.65,135.2,0.038366
91.65,135.2,0.039318
92.7,135.2,0.03983
93.7,135.2,0.040098
94.7,135.2,0.040098
95.7,135.2,0.03962
96.75,135.2,0.039087
97.75,135.2,0.038117
98.75,135.2,0.037082
99.8,135.2,0.036281
100.8,135.2,0.035849
101.8,135.2,0.035597
102.8,135.2,0.03532
103.85,135.2,0.035347
104.85,135.2,0.034737
105.9,135.2,0.034842
106.85,135.2,0.035295
107.95,135.2,0.035612
108.95,135.2,0.035634
110.0,135.2,0.035736
111.0,135.2,0.035455
112.0,135.2,0.035446
113.05,135.2,0.034774
114.05,135.2,0.034223
115.1,135.2,0.033576
116.1,135.2,0.032421
117.15,135.2,0.031426
118.2,135.2,0.030258
119.2,135.2,0.0291
120.2,135.2,0.028394
121.25,135.2,0.027501
122.25,135.2,0.026764
123.25,135.2,0.026154
124.25,135.2,0.025665
125.3,135.2,0.025015
126.3,135.2,0.024469
127.35,135.2,0.02413
128.4,135.2,0.024041
129.45,135.2,0.023601
130.5,135.2,0.023357
131.5,135.2,0.023037
132.55,135.2,0.021897
133.55,135.2,0.020427
134.6,135.2,0.018678
135.6,135.2,0.018037
136.65,135.2,0.018031
137.65,135.2,0.018465
138.7,135.2,0.020354
139.7,135.2,0.023598
140.75,135.2,0.027535
141.7,135.2,0.032747
142.75,135.2,0.038132
143.8,135.2,0.045079
144.8,135.2,0.05271
145.85,135.2,0.062005
146.85,135.2,0.0719
147.9,135.2,0.083154
148.95,135.2,0.096034
149.95,135.2,0.110289
151.0,135.2,0.125424
151.95,135.2,0.140597
153.0,135.2,0.155945
154.05,135.2,0.170193
155.1,135.2,0.183625
156.15,135.2,0.195153
157.15,135.2,0.203385
158.15,135.2,0.207978
159.2,135.2,0.207947
160.25,135.2,0.202858
161.25,135.2,0.193348
162.25,135.2,0.178643
163.25,135.2,0.158394
164.25,135.2,0.133372
165.3,135.2,0.101481
166.35,135.2,0.06605
167.35,135.2,0.030024
168.5,135.2,0.025375
169.5,135.2,0.063323
170.5,135.2,0.102103
171.5,135.2,0.141117
172.6,135.2,0.178456
173.6,135.2,0.211216
174.65,135.2,0.239494
175.7,135.2,0.261817
176.75,135.2,0.277885
177.75,135.2,0.288831
178.75,135.2,0.29478
179.8,135.2,0.295396
180.85,135.2,0.292202
181.85,135.2,0.28494
182.9,135.2,0.274962
183.95,135.2,0.262445
185.0,135.2,0.248542
186.0,135.2,0.234136
187.05,135.2,0.218594
188.05,135.2,0.203948
189.05,135.2,0.189485
0.1,144.25,0.039241
0.95,144.25,0.039106
1.95,144.25,0.039737
3.0,144.25,0.040067
4.05,144.25,0.04084
5.05,144.25,0.041912
6.1,144.25,0.042895
7.1,144.25,0.043154
8.15,144.25,0.043397
9.15,144.25,0.043483
10.15,144.25,0.043878
11.2,144.25,0.043998
12.25,144.25,0.043847
13.25,144.25,0.043628
14.3,144.25,0.043105
15.3,144.25,0.042362
16.35,144.25,0.041986
17.4,144.25,0.04158
18.45,144.25,0.041614
19.45,144.25,0.041278
20.5,144.25,0.04141
21.5,144.25,0.041102
22.55,144.25,0.041401
23.55,144.25,0.040951
24.6,144.25,0.040662
25.65,144.25,0.040036
26.7,144.25,0.039475
27.7,144.25,0.038998
28.75,144.25,0.038403
29.8,144.25,0.038188
30.8,144.25,0.038702
31.8,144.25,0.039038
32.85,144.25,0.039697
33.85,144.25,0.040258
34.9,144.25,0.040363
35.9,144.25,0.040566
36.9,144.25,0.040039
37.9,144.25,0.040147
38.95,144.25,0.03978
40.0,144.25,0.03979
41.0,144.25,0.039663
42.05,144.25,0.03967
43.05,144.25,0.039642
44.05,144.25,0.039623
45.1,144.25,0.040085
46.1,144.25,0.040523
47.15,144.25,0.041333
48.15,144.25,0.042085
49.15,144.25,0.042017
50.2,144.25,0.042279
51.2,144.25,0.042297
52.2,144.25,0.042273
53.25,144.25,0.041903
54.3,144.25,0.041768
55.3,144.25,0.041663
56.3,144.25,0.041789
57.35,144.25,0.042057
58.4,144.25,0.04231
59.4,144.25,0.042615
60.45,144.25,0.043034
61.45,144.25,0.043437
62.5,144.25,0.043952
63.5,144.25,0.044414
64.5,144.25,0.044913
65.55,144.25,0.045655
66.55,144.25,0.046204
67.55,144.25,0.046401
68.6,144.25,0.046558
69.6,144.25,0.046496
70.65,144.25,0.045699
71.7,144.25,0.045107
72.7,144.25,0.043776
73.7,144.25,0.042473
74.75,144.25,0.040803
75.75,144.25,0.039106
76.75,144.25,0.037516
77.75,144.25,0.035979
78.8,144.25,0.035141
79.85,144.25,0.034303
80.85,144.25,0.033807
81.85,144.25,0.03413
82.9,144.25,0.033986
83.9,144.25,0.034016
84.9,144.25,0.034331
85.95,144.25,0.035298
87.0,144.25,0.036527
88.0,144.25,0.037661
89.05,144.25,0.038967
90.1,144.25,0.040005
91.1,144.25,0.040658
92.1,144.25,0.041198
93.15,144.25,0.041253
94.2,144.25,0.041
95.2,144.25,0.040504
96.25,144.25,0.039642
97.3,144.25,0.038527
98.3,144.25,0.037689
99.3,144.25,0.037106
100.4,144.25,0.037199
101.4,144.25,0.036912
102.4,144.25,0.037384
103.4,144.25,0.037301
104.45,144.25,0.037812
105.5,144.25,0.038234
106.5,144.25,0.038856
107.55,144.25,0.039192
108.55,144.25,0.040107
109.55,144.25,0.040717
110.6,144.25,0.04149
111.65,144.25,0.042032
112.65,144.25,0.042421
113.7,144.25,0.042251
114.7,144.25,0.0421
115.7,144.25,0.040988
116.7,144.25,0.040206
117.7,144.25,0.038924
118.75,144.25,0.037365
119.75,144.25,0.035865
120.8,144.25,0.034799
121.8,144.25,0.033718
122.8,144.25,0.032639
123.85,144.25,0.031413
124.85,144.25,0.030169
125.9,144.25,0.029124
126.9,144.25,0.028163
127.9,144.25,0.027251
128.9,144.25,0.026225
129.95,144.25,0.025628
130.95,144.25,0.024673
132.0,144.25,0.023822
133.0,144.25,0.02226
134.05,144.25,0.020652
135.05,144.25,0.018619
136.1,144.25,0.017732
137.1,144.25,0.016838
138.1,144.25,0.017572
139.15,144.25,0.01902
140.2,144.25,0.021789
141.2,144.25,0.025877
142.3,144.25,0.031463
143.35,144.25,0.0371
144.35,144.25,0.044204
145.4,144.25,0.05218
146.25,144.25,0.0619
147.5,144.25,0.072451
148.5,144.25,0.084534
149.55,144.25,0.097987
150.55,144.25,0.112128
151.6,144.25,0.126884
152.65,144.25,0.141527
153.7,144.25,0.15584
154.7,144.25,0.167879
155.7,144.25,0.178677
156.75,144.25,0.187864
157.75,144.25,0.194488
158.8,144.25,0.197192
159.8,144.25,0.195708
160.85,144.25,0.188822
161.85,144.25,0.177442
162.9,144.25,0.160486
163.9,144.25,0.138764
164.95,144.25,0.109962
166.0,144.25,0.07824
167.0,144.25,0.046028
168.05,144.25,0.020551
169.1,144.25,0.042917
170.1,144.25,0.079226
171.15,144.25,0.119956
172.2,144.25,0.157781
173.25,144.25,0.192045
174.25,144.25,0.222491
175.3,144.25,0.248286
176.35,144.25,0.268736
177.35,144.25,0.282651
178.4,144.25,0.291786
179.4,144.25,0.294965
180.4,144.25,0.294142
181.45,144.25,0.288831
182.5,144.25,0.280369
183.5,144.25,0.269937
184.5,144.25,0.25767
185.5,144.25,0.24429
186.55,144.25,0.230218
187.55,144.25,0.215664
188.55,144.25,0.200865
189.55,144.25,0.186481
0.05,153.25,0.037883
0.95,153.25,0.037602
2.05,153.25,0.037473
3.1,153.25,0.037485
4.15,153.25,0.037387
5.15,153.25,0.037732
6.2,153.25,0.038249
7.2,153.25,0.038776
8.2,153.25,0.038933
9.2,153.25,0.039408
10.25,153.25,0.039352
11.25,153.25,0.039081
12.3,153.25,0.038918
13.35,153.25,0.038468
14.35,153.25,0.038191
15.4,153.25,0.037716
16.4,153.25,0.037639
17.45,153.25,0.038228
18.45,153.25,0.038163
19.45,153.25,0.0378
20.5,153.25,0.037553
21.55,153.25,0.036875
22.6,153.25,0.035945
23.65,153.25,0.035052
24.65,153.25,0.034543
25.75,153.25,0.034038
26.75,153.25,0.034112
27.75,153.25,0.034355
28.8,153.25,0.035199
29.85,153.25,0.035874
30.9,153.25,0.036734
31.9,153.25,0.03698
32.95,153.25,0.037451
33.95,153.25,0.037331
35.0,153.25,0.036805
36.05,153.25,0.036996
37.05,153.25,0.037079
38.1,153.25,0.037445
39.15,153.25,0.037966
40.15,153.25,0.038468
41.15,153.25,0.038862
42.15,153.25,0.039164
43.2,153.25,0.03918
44.2,153.25,0.039325
45.25,153.25,0.038989
46.25,153.25,0.03909
47.25,153.25,0.039294
48.25,153.25,0.040015
49.3,153.25,0.040295
50.3,153.25,0.040637
51.3,153.25,0.040732
52.35,153.25,0.040455
53.35,153.25,0.040369
54.4,153.25,0.040098
55.4,153.25,0.039648
56.4,153.25,0.039571
57.45,153.25,0.039654
58.5,153.25,0.039725
59.5,153.25,0.039645
60.55,153.25,0.040085
61.55,153.25,0.039925
62.55,153.25,0.04044
63.55,153.25,0.040431
64.55,153.25,0.040853
65.6,153.25,0.041173
66.6,153.25,0.041204
67.6,153.25,0.041182
68.6,153.25,0.040372
69.65,153.25,0.039722
70.65,153.25,0.03877
71.7,153.25,0.038197
72.7,153.25,0.037766
73.7,153.25,0.037106
74.75,153.25,0.036536
75.8,153.25,0.036056
76.85,153.25,0.035554
77.9,153.25,0.034938
78.95,153.25,0.034707
79.95,153.25,0.034426
81.05,153.25,0.034121
82.1,153.25,0.034029
83.15,153.25,0.03413
84.2,153.25,0.034509
85.3,153.25,0.034836
86.3,153.25,0.035449
87.35,153.25,0.035942
88.4,153.25,0.036185
89.4,153.25,0.036891
90.45,153.25,0.037054
91.5,153.25,0.03722
92.55,153.25,0.037615
93.6,153.25,0.038262
94.65,153.25,0.039007
95.7,153.25,0.03967
96.75,153.25,0.039571
97.8,153.25,0.039448
98.8,153.25,0.039029
99.85,153.25,0.038089
100.85,153.25,0.037793
101.9,153.25,0.037698
102.9,153.25,0.037867
103.95,153.25,0.038231
105.0,153.25,0.038841
106.0,153.25,0.039611
106.95,153.25,0.040307
108.05,153.25,0.040806
109.05,153.25,0.041127
110.05,153.25,0.041145
110.9,153.25,0.04096
112.1,153.25,0.040095
113.1,153.25,0.0395
114.1,153.25,0.038594
115.1,153.25,0.037328
116.15,153.25,0.036623
117.15,153.25,0.035455
118.2,153.25,0.034913
119.25,153.25,0.034485
120.25,153.25,0.034383
121.3,153.25,0.034023
122.35,153.25,0.034152
123.35,153.25,0.033431
124.4,153.25,0.032516
125.4,153.25,0.031712
126.45,153.25,0.030236
127.45,153.25,0.028918
128.5,153.25,0.02702
129.5,153.25,0.024904
130.55,153.25,0.022849
131.6,153.25,0.020803
132.6,153.25,0.018459
133.65,153.25,0.016358
134.65,153.25,0.014103
135.65,153.25,0.011875
136.7,153.25,0.010606
137.7,153.25,0.010708
138.75,153.25,0.012418
139.75,153.25,0.015138
140.75,153.25,0.019217
141.8,153.25,0.024596
142.8,153.25,0.030831
143.8,153.25,0.037686
144.85,153.25,0.045449
145.85,153.25,0.053585
146.85,153.25,0.063031
147.9,153.25,0.073308
148.9,153.25,0.084592
149.95,153.25,0.097263
151.0,153.25,0.111623
152.05,153.25,0.125785
153.05,153.25,0.139078
154.05,153.25,0.152079
155.1,153.25,0.163416
156.1,153.25,0.173403
157.15,153.25,0.181931
158.25,153.25,0.187562
159.25,153.25,0.189435
160.3,153.25,0.187618
161.3,153.25,0.181117
162.35,153.25,0.169349
163.35,153.25,0.152223
164.35,153.25,0.129928
165.4,153.25,0.103018
166.45,153.25,0.069488
167.5,153.25,0.03654
168.5,153.25,0.018052
169.55,153.25,0.047525
170.65,153.25,0.088576
171.65,153.25,0.126339
172.7,153.25,0.161583
173.75,153.25,0.193289
174.8,153.25,0.224226
175.85,153.25,0.246912
176.9,153.25,0.264608
177.95,153.25,0.277017
179.0,153.25,0.28474
180.0,153.25,0.287183
181.05,153.25,0.286099
182.05,153.25,0.280815
183.2,153.25,0.270843
184.25,153.25,0.260483
185.25,153.25,0.248123
186.25,153.25,0.23442
187.4,153.25,0.217562
188.45,153.25,0.203021
189.5,153.25,0.188948
0.05,162.3,0.037313
0.95,162.3,0.037134
2.0,162.3,0.036533
3.05,162.3,0.03682
4.1,162.3,0.036675
5.1,162.3,0.037076
6.15,162.3,0.037485
7.15,162.3,0.037676
8.2,162.3,0.038246
9.2,162.3,0.038856
10.25,162.3,0.039494
11.25,162.3,0.039811
12.35,162.3,0.03999
13.35,162.3,0.040021
14.4,162.3,0.04027
15.4,162.3,0.04048
16.4,162.3,0.040449
17.45,162.3,0.040224
18.45,162.3,0.039777
19.5,162.3,0.039238
20.5,162.3,0.038527
21.55,162.3,0.038101
22.6,162.3,0.038157
23.6,162.3,0.037827
24.65,162.3,0.03726
25.7,162.3,0.037427
26.75,162.3,0.037951
27.8,162.3,0.038601
28.9,162.3,0.039312
29.95,162.3,0.039614
30.95,162.3,0.039836
32.0,162.3,0.039583
32.85,162.3,0.039337
34.05,162.3,0.038967
35.1,162.3,0.03881
36.1,162.3,0.038314
37.2,162.3,0.038086
38.25,162.3,0.038117
39.25,162.3,0.038111
40.3,162.3,0.038243
41.35,162.3,0.038536
42.35,162.3,0.038665
43.35,162.3,0.038493
44.4,162.3,0.038182
45.4,162.3,0.037969
46.45,162.3,0.037753
47.45,162.3,0.037436
48.5,162.3,0.0378
49.5,162.3,0.037846
50.55,162.3,0.038126
51.6,162.3,0.038607
52.55,162.3,0.038588
53.6,162.3,0.038668
54.6,162.3,0.038499
55.6,162.3,0.03852
56.65,162.3,0.038902
57.65,162.3,0.039075
58.65,162.3,0.038588
59.7,162.3,0.03865
60.7,162.3,0.038841
61.75,162.3,0.03901
62.8,162.3,0.039343
63.85,162.3,0.039654
64.85,162.3,0.040366
65.9,162.3,0.040772
66.95,162.3,0.04089
67.95,162.3,0.04039
68.95,162.3,0.039913
70.0,162.3,0.039001
71.05,162.3,0.038591
72.05,162.3,0.038215
73.1,162.3,0.038653
74.1,162.3,0.03902
75.1,162.3,0.039512
76.15,162.3,0.039571
77.2,162.3,0.040061
78.2,162.3,0.039833
79.2,162.3,0.039685
80.3,162.3,0.039167
81.25,162.3,0.039112
82.3,162.3,0.038924
83.3,162.3,0.039368
84.4,162.3,0.039167
85.4,162.3,0.039503
86.4,162.3,0.040206
87.45,162.3,0.040532
88.5,162.3,0.041022
89.5,162.3,0.040991
90.55,162.3,0.04129
91.55,162.3,0.041305
92.6,162.3,0.040797
93.6,162.3,0.040806
94.6,162.3,0.040357
95.6,162.3,0.040477
96.65,162.3,0.040067
97.65,162.3,0.04015
98.7,162.3,0.040045
99.7,162.3,0.040132
100.7,162.3,0.039654
101.75,162.3,0.039201
102.75,162.3,0.038477
103.75,162.3,0.03865
104.8,162.3,0.038622
105.8,162.3,0.038983
106.85,162.3,0.039275
107.85,162.3,0.039648
108.9,162.3,0.039737
110.15,162.3,0.040141
111.15,162.3,0.040169
112.2,162.3,0.039882
113.2,162.3,0.040122
114.3,162.3,0.039821
115.3,162.3,0.039571
116.35,162.3,0.038866
117.35,162.3,0.03787
118.4,162.3,0.036851
119.4,162.3,0.035175
120.4,162.3,0.033748
121.45,162.3,0.031866
122.45,162.3,0.03052
123.45,162.3,0.029374
124.5,162.3,0.028576
125.5,162.3,0.027738
126.5,162.3,0.026687
127.5,162.3,0.026025
128.55,162.3,0.025049
129.55,162.3,0.023598
130.6,162.3,0.021977
131.6,162.3,0.019975
132.65,162.3,0.017935
133.65,162.3,0.01544
134.65,162.3,0.01223
135.75,162.3,0.008634
136.75,162.3,0.005203
137.8,162.3,0.002596
138.8,162.3,0.00251
139.95,162.3,0.005637
140.95,162.3,0.009799
142.0,162.3,0.015042
143.05,162.3,0.020369
144.15,162.3,0.027451
145.15,162.3,0.033964
146.2,162.3,0.041934
147.2,162.3,0.050588
148.4,162.3,0.062538
149.45,162.3,0.074044
150.45,162.3,0.086108
151.5,162.3,0.099648
152.5,162.3,0.113314
153.55,162.3,0.127664
154.6,162.3,0.141851
155.65,162.3,0.154611
156.65,162.3,0.165449
157.7,162.3,0.174084
158.75,162.3,0.180554
159.75,162.3,0.183077
160.8,162.3,0.181151
161.85,162.3,0.175002
162.85,162.3,0.163927
163.85,162.3,0.147417
164.9,162.3,0.12543
165.9,162.3,0.098
166.95,162.3,0.067495
167.95,162.3,0.034975
169.0,162.3,0.011848
170.0,162.3,0.043206
171.05,162.3,0.080255
172.05,162.3,0.117488
173.1,162.3,0.153409
174.1,162.3,0.184743
175.15,162.3,0.213822
176.15,162.3,0.239035
177.15,162.3,0.258138
178.2,162.3,0.272614
179.2,162.3,0.281324
180.25,162.3,0.285735
181.3,162.3,0.285889
182.3,162.3,0.282165
183.3,162.3,0.27592
184.3,162.3,0.267054
185.35,162.3,0.256031
186.35,162.3,0.243819
187.4,162.3,0.230199
188.4,162.3,0.216555
189.4,162.3,0.20247
0.1,171.3,0.043431
0.95,171.3,0.043083
2.05,171.3,0.042692
3.1,171.3,0.04223
4.15,171.3,0.042374
5.15,171.3,0.042322
6.15,171.3,0.042402
7.2,171.3,0.042251
8.25,171.3,0.041965
9.25,171.3,0.042177
10.25,171.3,0.041629
11.3,171.3,0.041118
12.35,171.3,0.040166
13.35,171.3,0.03946
14.4,171.3,0.038314
15.4,171.3,0.037692
16.45,171.3,0.037852
17.45,171.3,0.037775
18.45,171.3,0.037883
19.5,171.3,0.038154
20.5,171.3,0.038527
21.55,171.3,0.038866
22.55,171.3,0.039312
23.6,171.3,0.039408
24.6,171.3,0.039303
25.6,171.3,0.038872
26.65,171.3,0.038594
27.7,171.3,0.038126
28.75,171.3,0.037615
29.75,171.3,0.037541
30.75,171.3,0.037066
31.75,171.3,0.036638
32.8,171.3,0.037125
33.85,171.3,0.036952
34.85,171.3,0.036617
35.9,171.3,0.036339
36.95,171.3,0.035585
37.95,171.3,0.034842
38.95,171.3,0.034553
40.0,171.3,0.03418
41.05,171.3,0.034429
42.1,171.3,0.034756
43.1,171.3,0.035156
44.15,171.3,0.035945
45.15,171.3,0.036472
46.2,171.3,0.037113
47.2,171.3,0.037649
48.2,171.3,0.037809
49.25,171.3,0.037895
50.25,171.3,0.037809
51.25,171.3,0.037861
52.3,171.3,0.038382
53.3,171.3,0.039241
54.35,171.3,0.03991
55.35,171.3,0.04035
56.4,171.3,0.040717
57.4,171.3,0.040905
58.4,171.3,0.041031
59.4,171.3,0.04161
60.45,171.3,0.042054
61.45,171.3,0.042023
62.5,171.3,0.041949
63.55,171.3,0.042008
64.55,171.3,0.041512
65.55,171.3,0.041835
66.6,171.3,0.041891
67.6,171.3,0.041866
68.65,171.3,0.04161
69.7,171.3,0.040828
70.75,171.3,0.04007
71.75,171.3,0.03902
72.8,171.3,0.038527
73.8,171.3,0.038222
74.85,171.3,0.038594
75.85,171.3,0.038397
76.9,171.3,0.038955
77.9,171.3,0.038853
78.95,171.3,0.038939
79.95,171.3,0.038838
81.0,171.3,0.039023
82.0,171.3,0.039223
82.9,171.3,0.039516
84.1,171.3,0.039226
85.1,171.3,0.039777
86.1,171.3,0.040002
87.1,171.3,0.040283
88.15,171.3,0.041105
89.15,171.3,0.042036
90.2,171.3,0.042886
91.2,171.3,0.043009
92.25,171.3,0.043055
93.25,171.3,0.042713
94.3,171.3,0.042421
95.3,171.3,0.042134
96.35,171.3,0.041629
97.4,171.3,0.041244
98.4,171.3,0.040397
99.45,171.3,0.039962
100.5,171.3,0.039747
101.55,171.3,0.039817
102.55,171.3,0.039633
103.55,171.3,0.040095
104.6,171.3,0.040806
105.6,171.3,0.041309
106.65,171.3,0.041182
107.65,171.3,0.041666
108.7,171.3,0.041555
109.7,171.3,0.041191
110.75,171.3,0.040794
111.8,171.3,0.040138
112.8,171.3,0.039744
113.8,171.3,0.039266
114.8,171.3,0.03865
115.85,171.3,0.038154
116.9,171.3,0.037849
117.95,171.3,0.037488
118.95,171.3,0.037054
119.95,171.3,0.036657
120.95,171.3,0.035631
122.0,171.3,0.034645
123.05,171.3,0.033967
124.05,171.3,0.03361
125.1,171.3,0.033286
126.1,171.3,0.033003
127.15,171.3,0.031795
128.15,171.3,0.030625
129.2,171.3,0.028909
130.25,171.3,0.026552
131.3,171.3,0.024254
132.3,171.3,0.021752
133.35,171.3,0.018462
134.35,171.3,0.015874
135.4,171.3,0.012753
136.4,171.3,0.009272
137.45,171.3,0.005846
138.45,171.3,0.002636
139.5,171.3,0.0008
140.55,171.3,0.004281
141.55,171.3,0.009362
142.6,171.3,0.015871
143.7,171.3,0.022045
144.7,171.3,0.029097
145.75,171.3,0.03601
146.8,171.3,0.045132
147.8,171.3,0.053197
148.8,171.3,0.0632
149.85,171.3,0.07413
151.0,171.3,0.087867
152.05,171.3,0.100301
153.05,171.3,0.113228
154.05,171.3,0.126324
155.05,171.3,0.138905
156.1,171.3,0.150477
157.1,171.3,0.16027
158.1,171.3,0.16804
159.1,171.3,0.172685
160.15,171.3,0.174062
161.15,171.3,0.171644
162.15,171.3,0.164358
163.2,171.3,0.151838
164.25,171.3,0.13409
165.25,171.3,0.111758
166.3,171.3,0.084016
167.3,171.3,0.054275
168.35,171.3,0.018933
169.4,171.3,0.016475
170.45,171.3,0.054787
171.45,171.3,0.091598
172.5,171.3,0.129651
173.55,171.3,0.164204
174.6,171.3,0.19596
175.65,171.3,0.2232
176.6,171.3,0.245997
177.75,171.3,0.262701
178.75,171.3,0.274223
179.75,171.3,0.28132
180.75,171.3,0.284555
181.8,171.3,0.283683
182.8,171.3,0.279426
183.85,171.3,0.272562
184.85,171.3,0.263665
185.9,171.3,0.252279
186.95,171.3,0.239888
187.95,171.3,0.227331
189.0,171.3,0.213717
0.25,180.3,0.043095
0.75,180.3,0.0428
1.8,180.3,0.042421
2.8,180.3,0.04202
3.85,180.3,0.041968
4.95,180.3,0.041527
5.95,180.3,0.040868
7.0,180.3,0.040224
8.05,180.3,0.039857
9.05,180.3,0.039556
10.1,180.3,0.039161
11.1,180.3,0.039026
12.15,180.3,0.038758
13.15,180.3,0.038582
14.15,180.3,0.038129
15.15,180.3,0.038453
16.2,180.3,0.038508
17.3,180.3,0.038964
18.35,180.3,0.038973
19.35,180.3,0.039325
20.35,180.3,0.039694
21.4,180.3,0.040104
22.4,180.3,0.039996
23.4,180.3,0.040079
24.4,180.3,0.040045
25.4,180.3,0.040067
26.5,180.3,0.040064
27.5,180.3,0.040273
28.55,180.3,0.040064
29.55,180.3,0.039654
30.6,180.3,0.039617
31.6,180.3,0.03966
32.65,180.3,0.039938
33.65,180.3,0.040169
34.7,180.3,0.040076
35.75,180.3,0.040089
36.8,180.3,0.040477
37.8,180.3,0.040452
38.8,180.3,0.040467
39.85,180.3,0.040437
40.9,180.3,0.040236
41.9,180.3,0.039845
42.95,180.3,0.039306
44.0,180.3,0.039281
45.0,180.3,0.038946
46.0,180.3,0.038671
47.0,180.3,0.038699
48.05,180.3,0.03909
49.1,180.3,0.039744
50.1,180.3,0.040341
51.15,180.3,0.04072
52.15,180.3,0.041275
53.2,180.3,0.041617
54.2,180.3,0.041891
55.25,180.3,0.042485
56.4,180.3,0.042735
57.45,180.3,0.042849
58.45,180.3,0.042818
59.5,180.3,0.042627
60.65,180.3,0.042217
61.65,180.3,0.042073
62.7,180.3,0.041715
63.7,180.3,0.041238
64.65,180.3,0.040868
65.75,180.3,0.040394
66.75,180.3,0.040526
67.75,180.3,0.040615
68.8,180.3,0.040483
69.8,180.3,0.0404
70.8,180.3,0.040079
71.85,180.3,0.039697
72.85,180.3,0.039321
73.85,180.3,0.03934
74.9,180.3,0.039328
75.95,180.3,0.03979
77.0,180.3,0.040227
78.05,180.3,0.04052
79.05,180.3,0.041114
80.15,180.3,0.041854
81.15,180.3,0.042242
82.2,180.3,0.042766
83.25,180.3,0.043114
84.3,180.3,0.043166
85.3,180.3,0.042861
86.3,180.3,0.042331
87.35,180.3,0.042208
88.35,180.3,0.042427
89.4,180.3,0.042393
90.4,180.3,0.042171
91.4,180.3,0.042205
92.4,180.3,0.042396
93.4,180.3,0.042424
94.45,180.3,0.042202
95.5,180.3,0.042716
96.5,180.3,0.0428
97.5,180.3,0.043117
98.55,180.3,0.04344
99.55,180.3,0.043447
100.6,180.3,0.04292
101.6,180.3,0.042414
102.6,180.3,0.04154
103.65,180.3,0.040646
104.65,180.3,0.039728
105.7,180.3,0.038893
106.75,180.3,0.038499
107.8,180.3,0.038514
108.8,180.3,0.038915
109.8,180.3,0.039395
110.85,180.3,0.039328
111.9,180.3,0.03966
112.95,180.3,0.039475
114.0,180.3,0.038715
115.0,180.3,0.038157
116.0,180.3,0.037393
117.0,180.3,0.0371
118.0,180.3,0.036681
119.0,180.3,0.036407
120.0,180.3,0.035683
121.05,180.3,0.034774
122.05,180.3,0.033986
123.1,180.3,0.033416
124.15,180.3,0.032264
125.15,180.3,0.031389
126.2,180.3,0.030159
127.15,180.3,0.028856
128.25,180.3,0.027381
129.25,180.3,0.026247
130.3,180.3,0.025671
131.3,180.3,0.024802
132.35,180.3,0.023702
133.5,180.3,0.022661
134.5,180.3,0.021888
135.55,180.3,0.021013
136.55,180.3,0.01962
137.7,180.3,0.018222
138.75,180.3,0.016278
139.75,180.3,0.015369
140.75,180.3,0.015163
141.8,180.3,0.016835
142.85,180.3,0.019352
143.85,180.3,0.023373
144.9,180.3,0.028443
145.9,180.3,0.034626
146.9,180.3,0.041764
147.95,180.3,0.050113
149.0,180.3,0.059368
150.0,180.3,0.068939
151.0,180.3,0.079614
152.05,180.3,0.090942
153.05,180.3,0.102861
154.05,180.3,0.114965
155.1,180.3,0.12734
156.15,180.3,0.138967
157.2,180.3,0.149263
158.2,180.3,0.157488
159.25,180.3,0.163363
160.25,180.3,0.165766
161.3,180.3,0.163234
162.3,180.3,0.156663
163.3,180.3,0.145045
164.35,180.3,0.128058
165.4,180.3,0.106311
166.4,180.3,0.080674
167.4,180.3,0.051558
168.4,180.3,0.019328
169.45,180.3,0.016151
170.5,180.3,0.051071
171.5,180.3,0.086524
172.5,180.3,0.121965
173.55,180.3,0.15515
174.6,180.3,0.185455
175.65,180.3,0.213261
176.65,180.3,0.235775
177.65,180.3,0.253973
178.65,180.3,0.2673
179.65,180.3,0.277054
180.7,180.3,0.282115
181.7,180.3,0.283194
182.75,180.3,0.28092
183.75,180.3,0.275467
184.75,180.3,0.26726
185.8,180.3,0.257032
186.85,180.3,0.245612
187.9,180.3,0.232775
188.9,180.3,0.219106
189.9,180.3,0.205624
0.0,189.3,0.036573
1.0,189.3,0.036691
2.05,189.3,0.036623
3.1,189.3,0.036764
4.1,189.3,0.03621
5.15,189.3,0.036099
6.15,189.3,0.035939
7.2,189.3,0.035923
8.2,189.3,0.035963
9.2,189.3,0.035794
10.25,189.3,0.035954
11.25,189.3,0.036016
12.25,189.3,0.035831
13.3,189.3,0.036114
14.35,189.3,0.036632
15.35,189.3,0.037106
16.35,189.3,0.037602
17.45,189.3,0.038619
18.45,189.3,0.039614
19.5,189.3,0.040301
20.5,189.3,0.040834
21.6,189.3,0.041275
22.6,189.3,0.041077
23.65,189.3,0.04109
24.65,189.3,0.041293
25.8,189.3,0.04141
26.8,189.3,0.041469
27.85,189.3,0.041204
28.85,189.3,0.040335
29.9,189.3,0.040061
30.95,189.3,0.039719
32.0,189.3,0.039192
33.0,189.3,0.039383
34.05,189.3,0.039217
35.1,189.3,0.038588
36.15,189.3,0.038145
37.15,189.3,0.037707
38.2,189.3,0.037602
39.2,189.3,0.037556
40.2,189.3,0.03759
41.2,189.3,0.037806
42.25,189.3,0.038582
43.3,189.3,0.038961
44.35,189.3,0.039442
45.35,189.3,0.0393
46.35,189.3,0.038961
47.2,189.3,0.038533
48.4,189.3,0.038111
49.4,189.3,0.037784
50.45,189.3,0.037756
51.5,189.3,0.038151
52.55,189.3,0.038859
53.6,189.3,0.039901
54.6,189.3,0.040652
55.65,189.3,0.041475
56.65,189.3,0.042297
57.7,189.3,0.042116
58.7,189.3,0.042313
59.75,189.3,0.042257
60.8,189.3,0.042017
61.75,189.3,0.041657
62.8,189.3,0.041121
63.8,189.3,0.04105
64.8,189.3,0.040843
65.85,189.3,0.040378
66.85,189.3,0.040005
67.9,189.3,0.039981
68.95,189.3,0.040058
70.0,189.3,0.040005
71.0,189.3,0.040264
72.0,189.3,0.040458
73.05,189.3,0.040735
74.1,189.3,0.041019
75.1,189.3,0.041262
76.1,189.3,0.041278
77.15,189.3,0.04166
78.15,189.3,0.04182
79.2,189.3,0.042442
80.2,189.3,0.042578
81.2,189.3,0.043191
82.15,189.3,0.042646
83.25,189.3,0.042421
84.25,189.3,0.041835
85.25,189.3,0.04154
86.3,189.3,0.041213
87.35,189.3,0.041188
88.4,189.3,0.041173
89.4,189.3,0.041238
90.4,189.3,0.041484
91.45,189.3,0.041706
92.45,189.3,0.041749
93.5,189.3,0.041133
94.5,189.3,0.040859
95.5,189.3,0.040665
96.55,189.3,0.040606
97.6,189.3,0.040797
98.6,189.3,0.041105
99.65,189.3,0.041244
100.65,189.3,0.040686
101.7,189.3,0.040421
102.7,189.3,0.040036
103.7,189.3,0.03922
104.75,189.3,0.0382
105.8,189.3,0.037442
106.8,189.3,0.036968
108.05,189.3,0.036305
109.05,189.3,0.036275
110.1,189.3,0.036204
111.1,189.3,0.036262
112.3,189.3,0.036558
113.3,189.3,0.037017
114.35,189.3,0.037482
115.4,189.3,0.037667
116.65,189.3,0.037689
117.7,189.3,0.037769
118.7,189.3,0.03722
119.7,189.3,0.036885
120.85,189.3,0.036081
121.9,189.3,0.035384
122.9,189.3,0.03413
123.95,189.3,0.033231
124.95,189.3,0.03211
126.0,189.3,0.031401
127.05,189.3,0.030899
128.05,189.3,0.031084
129.05,189.3,0.031687
130.1,189.3,0.032131
131.1,189.3,0.032051
132.15,189.3,0.031558
133.15,189.3,0.030782
134.2,189.3,0.030218
135.2,189.3,0.029556
136.25,189.3,0.028567
137.3,189.3,0.027972
138.3,189.3,0.027054
139.3,189.3,0.026037
140.35,189.3,0.025092
141.35,189.3,0.024864
142.35,189.3,0.025397
143.4,189.3,0.026906
144.4,189.3,0.029771
145.45,189.3,0.033681
146.5,189.3,0.039211
147.55,189.3,0.045221
148.6,189.3,0.052048
149.6,189.3,0.060692
150.65,189.3,0.070159
151.65,189.3,0.080162
